date,open,high,close,low,volume,amount
2019/3/8,11.11,11.37,10.93,10.9,28861008,319505707
2019/3/7,11.59,11.71,11.35,11.18,23957943,272558855
2019/3/6,12.03,12.03,11.61,11.3,23494230,270951902
2019/3/5,11.56,11.95,11.75,11.56,21347659,249413503
2019/3/4,11.41,12.34,11.73,11.4,27562632,328037585
2019/3/1,11.5,11.65,11.47,11.26,14584177,166767662
2019/2/28,10.91,11.68,11.39,10.9,22389066,255122033
2019/2/27,11.2,11.45,10.95,10.81,21307651,236367311
2019/2/26,11.16,11.65,11.34,10.79,31601368,357705645
2019/2/25,10.61,11.25,11.16,10.6,41291956,452747336
2019/2/22,9.91,10.24,10.23,9.91,17705344,178714783
2019/2/21,9.71,10.27,9.88,9.7,23320003,233039627
2019/2/20,9.7,9.79,9.68,9.46,12584563,121252011
2019/2/19,9.76,9.85,9.62,9.37,18648390,179355467
2019/2/18,9.45,9.79,9.55,9.36,17704907,168792593
2019/2/15,9.1,9.38,9.18,9.03,14392788,133061878
2019/2/14,9.14,9.18,9.11,9.02,9955292,90592019
2019/2/13,9,9.32,9.23,8.95,16318525,149445438
2019/2/12,9.09,9.1,9,8.9,9530479,85704495
2019/2/11,8.83,9.09,9.03,8.7,10594270,95066978
2019/2/1,8.25,8.92,8.78,8.25,13782832,119317675
2019/1/31,8.18,8.37,8.14,8.09,6405932,52525595
2019/1/30,8.28,8.38,8.19,8.15,5462190,45028842
2019/1/29,8.56,8.56,8.3,8.06,11901870,97846439
2019/1/28,8.83,8.92,8.57,8.53,8119631,71020366
2019/1/25,8.76,8.83,8.81,8.67,7608756,66668576
2019/1/24,8.55,8.86,8.77,8.48,14139777,122669430
2019/1/23,8.51,8.63,8.62,8.46,5702545,48861780
2019/1/22,8.7,8.77,8.57,8.5,8267460,71106640
2019/1/21,8.7,8.84,8.69,8.62,11981476,104573679
2019/1/18,8.75,8.94,8.7,8.57,12528598,109098783
2019/1/17,8.95,8.96,8.77,8.69,14489438,127493832
2019/1/16,9.3,9.3,8.89,8.86,22607075,203233701
2019/1/15,8.4,9.19,9.19,8.29,31813274,284726613
2019/1/14,8.5,8.59,8.35,8.28,8953060,74997335
2019/1/11,8.21,8.64,8.5,8.21,12439047,105326310
2019/1/10,8.2,8.39,8.23,8.18,6593779,54553382
2019/1/9,8.18,8.43,8.23,8.1,9134553,75946135
2019/1/8,8.1,8.32,8.15,8.06,7572001,61934473
2019/1/7,7.9,8.2,8.18,7.85,10291814,83444498
2019/1/4,7.58,7.89,7.81,7.5,5749412,44467162
2019/1/3,7.9,7.9,7.58,7.54,7106459,54580663
2019/1/2,7.97,8.04,7.84,7.78,5407555,42653421
2018/12/27,11.62,11.62,11.25,11.01,8025600,65132838
2018/12/26,11.62,11.69,11.4,11.22,8641835,71148814
2018/12/25,11.32,11.78,11.73,11.21,9244162,76643112
2018/12/24,11.25,11.49,11.44,11.13,4990868,41034001
2018/12/21,11.19,11.29,11.17,11.04,4592536,37008603
2018/12/20,10.95,11.29,11.22,10.93,5548646,44511089
2018/12/19,11.26,11.28,10.92,10.85,5565248,44436501
2018/12/18,11.25,11.35,11.24,11.08,4549987,36759692
2018/12/17,11.33,11.39,11.22,11.07,4733665,38216411
2018/12/14,11.69,11.71,11.32,11.31,6672133,55354613
2018/12/13,11.46,11.71,11.6,11.39,6758545,56551338
2018/12/12,11.72,11.75,11.4,11.31,5538200,45772926
2018/12/11,11.53,11.76,11.62,11.39,4702726,39382927
2018/12/10,11.35,11.62,11.54,11.26,6616400,54991519
2018/12/7,11.47,11.64,11.46,11.4,5497753,45688724
2018/12/6,11.72,11.72,11.5,11.29,9552430,79265075
2018/12/5,11.9,12,11.82,11.76,8696935,74514222
2018/12/4,12.18,12.23,12.08,11.89,9723026,84547838
2018/12/3,11.75,12.3,12.23,11.75,19833655,172977916
2018/11/30,11.35,11.4,11.37,11.08,6457202,52368865
2018/11/29,11.89,11.9,11.32,11.29,11231885,93504027
2018/11/28,11.28,11.82,11.8,11.26,11783760,98511407
2018/11/27,11.33,11.47,11.19,11.08,6156724,50112593
2018/11/26,11.14,11.44,11.29,11.1,6256903,51116203
2018/11/23,11.94,11.97,11.25,10.99,13941308,114376523
2018/11/22,11.8,12,11.73,11.61,6254714,53278894
2018/11/21,11.43,11.85,11.68,11.29,9352657,78189288
2018/11/20,12.05,12.07,11.53,11.32,12552007,105309091
2018/11/19,12.46,12.54,12.05,11.97,9188503,80632894
2018/11/16,12.05,12.66,12.25,11.97,11236452,99845526
2018/11/15,11.94,12.14,12.07,11.71,8913345,76683651
2018/11/14,12.25,12.3,11.93,11.86,11597178,100614274
2018/11/13,11.62,12.5,12.28,11.51,20884106,182586845
2018/11/12,11.32,11.85,11.79,11.24,12941237,108758885
2018/11/9,11.33,11.54,11.36,11.17,10694249,88069808
2018/11/8,11.49,11.49,11.22,11.22,8509278,69496680
2018/11/7,11.5,11.71,11.33,11.29,10352416,85780890
2018/11/6,11.29,11.6,11.5,11.17,12481025,102574775
2018/11/5,11.28,11.4,11.29,11.07,18507846,150030188
2018/11/2,10.46,11.28,11.28,10.45,27149054,216345492
2018/11/1,10.25,10.46,10.25,10.17,10835336,80662557
2018/10/31,9.82,10.31,10.16,9.82,9873560,71760800
2018/10/30,9.64,9.99,9.78,9.45,10077448,70950518
2018/10/29,9.77,9.84,9.52,9.49,4432833,30848595
2018/10/26,9.82,9.89,9.7,9.66,3457765,24387210
2018/10/25,9.43,9.74,9.7,9.42,6177979,42681607
2018/10/24,9.74,10.03,9.82,9.63,6400000,45461843
2018/10/23,9.88,9.95,9.75,9.64,8009833,56609496
2018/10/22,9.14,9.91,9.8,9.1,11214699,78499243
2018/10/19,8.7,9.2,9.03,8.59,6677643,42987099
2018/10/18,9.2,9.2,8.85,8.69,6051239,38712876
2018/10/17,9.28,9.3,9.2,9.02,4684358,30951595
2018/10/16,9.45,9.5,9.12,8.89,7430735,49064722
2018/10/15,9.31,9.59,9.39,9.28,5232052,35572150
2018/10/12,9.42,9.42,9.27,8.92,6810945,44984460
2018/10/11,10.11,10.11,9.43,9.43,13227928,91736275
2018/10/10,10.65,10.65,10.49,10.4,3633121,27545799
2018/10/9,10.74,10.78,10.61,10.57,3230425,24877715
2018/10/8,10.88,10.88,10.67,10.57,6360459,49278248
2018/9/28,11.08,11.18,11.17,10.96,5408755,43246474
2018/9/27,11.19,11.25,11,10.96,6905959,55334134
2018/9/26,11.36,11.36,11.24,11.13,7105617,57698911
2018/9/25,11.39,11.6,11.28,11.22,6444903,53063842
2018/9/21,11.29,11.51,11.46,11.15,7933246,65022511
2018/9/20,11.22,11.4,11.22,11.19,4317837,35172082
2018/9/19,11.22,11.42,11.21,11.18,8181268,66686163
2018/9/18,10.96,11.25,11.22,10.95,5194394,41619770
2018/9/17,11.25,11.28,10.92,10.82,6310500,50196261
2018/9/14,11.46,11.54,11.25,11.21,7098633,58102380
2018/9/13,11.5,11.55,11.5,11.31,5259879,43494958
2018/9/12,11.4,11.54,11.33,11.32,5377022,44308937
2018/9/11,11.26,11.46,11.39,11.03,6033014,49093579
2018/9/10,11.4,11.57,11.29,11.24,7397691,60921340
2018/9/7,11.26,11.64,11.35,11.19,8398740,69407644
2018/9/6,11.4,11.57,11.29,11.22,6583084,54106383
2018/9/5,11.26,11.83,11.5,11.25,13386404,112092416
2018/9/4,11.26,11.51,11.33,11.14,10212295,83589068
2018/9/3,11.47,11.53,11.26,10.89,11411420,91713296
2018/8/31,11.5,11.71,11.5,11.36,7375101,61420753
2018/8/30,11.82,11.82,11.44,11.42,7919991,66024550
2018/8/29,11.8,11.83,11.68,11.62,9826047,82998654
2018/8/28,11.85,12.44,11.8,11.72,20060185,174077817
2018/8/27,11.35,11.82,11.68,11.35,15295053,128036443
2018/8/24,11.82,11.82,11.35,11.25,20023259,165474764
2018/8/23,12.15,12.32,11.86,11.54,21528123,183637084
2018/8/22,12.57,12.57,12.26,12.07,6369594,56384109
2018/8/21,12.61,12.64,12.51,12.07,7396021,66399151
2018/8/20,12.36,12.62,12.4,12.1,4961225,44057980
2018/8/17,12.69,12.79,12.46,12.34,5387220,49056154
2018/8/16,12.52,12.75,12.61,12.08,6189791,55850903
2018/8/15,12.91,12.93,12.57,12.47,6437220,58721627
2018/8/14,13.05,13.22,12.93,12.86,4305020,40318572
2018/8/13,13.02,13.26,13.13,12.79,8150439,76690790
2018/8/10,13.04,13.22,13.16,12.83,10432700,98505025
2018/8/9,12.11,13.09,13.04,12,14169306,130829609
2018/8/8,12.61,12.86,11.96,11.91,9735914,86538606
2018/8/7,11.76,12.54,12.47,11.73,11949264,104657199
2018/8/6,12.44,12.46,11.55,11.36,12445379,105596885
2018/8/3,12.55,12.76,12.44,12.34,6331497,57296688
2018/8/2,12.77,12.98,12.59,12.12,11321246,102171178
2018/8/1,13.22,13.36,12.75,12.75,6814588,64218454
2018/7/31,12.86,13.36,13.22,12.86,7859943,74672029
2018/7/30,13.16,13.16,12.83,12.69,8741352,81370902
2018/7/27,13.04,13.25,13.02,12.76,7673518,72203167
2018/7/26,13.44,13.48,13.16,12.98,7285208,69056763
2018/7/25,13.65,13.65,13.34,13.31,7116332,68980358
2018/7/24,13.65,13.84,13.65,13.47,9038007,88828934
2018/7/23,13.15,13.88,13.63,12.91,11923929,117506979
2018/7/20,12.82,13.26,13.15,12.68,9685581,91277624
2018/7/19,12.75,12.88,12.69,12.43,5229390,47895195
2018/7/18,12.76,12.97,12.73,12.66,8169610,75587252
2018/7/17,12.88,13,12.75,12.33,11572490,105593037
2018/7/16,12.79,13.26,12.91,12.69,13022447,121857419
2018/7/13,12.16,13.16,12.69,12.05,16566861,152761001
2018/7/12,11.36,12.33,12.22,11.36,14479142,124453689
2018/7/11,11.29,11.43,11.36,11.18,8545635,69791555
2018/7/10,11.22,11.57,11.51,11.04,12314053,101316638
2018/7/9,11.62,11.67,11.35,11.01,21905105,179499562
2018/7/6,10.82,11.01,10.6,10.4,14036613,108490483
2018/7/5,11.07,11.28,10.93,10.61,8261620,65192622
2018/7/4,11.47,11.64,11.21,11.11,7481810,60957066
2018/7/3,11.38,11.71,11.6,11.15,9356967,77433539
2018/7/2,11.71,11.73,11.35,11.33,12468473,104108178
2018/6/29,10.77,11.53,11.53,10.75,15690058,128616177
2018/6/28,10.76,10.86,10.48,10.36,5493088,41973380
2018/6/27,10.91,11.01,10.76,10.65,3446131,27010045
2018/6/26,10.36,11.01,10.86,10.28,4417036,34310884
2018/6/25,11.12,11.16,10.75,10.69,4843358,38291572
2018/6/22,10.8,11.06,11.01,10.4,6433403,50287715
2018/6/21,11.06,11.26,10.8,10.77,8138369,65226965
2018/6/20,11.13,11.31,11.05,10.91,10397100,83505385
2018/6/19,11.6,11.67,11.26,10.91,14541958,118022041
2018/6/15,12.24,12.25,11.93,11.56,10204274,87477675
2018/6/14,12.22,12.61,12.13,12.09,8717970,77745863
2018/6/13,12.75,12.85,12.28,12.21,10561964,95312761
2018/6/12,12.93,13.08,12.86,12.64,6051977,56133001
2018/6/11,12.97,13.18,12.98,12.91,5166595,48835672
2018/6/8,13.27,13.41,13.05,12.94,8391445,79781512
2018/6/7,13.58,13.73,13.45,13.36,5088213,49539762
2018/6/6,13.69,13.77,13.59,13.56,5527994,54572728
2018/6/5,13.45,13.89,13.81,13.45,8076614,80361043
2018/6/4,13.78,13.89,13.43,13.3,5813906,56848256
2018/6/1,13.48,13.89,13.69,13.47,8072805,80440901
2018/5/31,13.41,13.95,13.7,13.33,10149063,100132336
2018/5/30,13.63,13.74,13.22,13.16,8215181,80058836
2018/5/29,13.89,13.98,13.87,13.69,7514996,75201410
2018/5/28,14.17,14.17,13.7,13.4,15346108,153331987
2018/5/25,14.64,14.85,14.36,14.31,8838918,92699027
2018/5/24,15.08,15.12,14.72,14.67,11352070,122009060
2018/5/23,15.04,15.22,15.1,14.83,10354849,113067573
2018/5/22,14.5,15.14,15.03,14.5,11380128,122806209
2018/5/21,14.5,14.75,14.61,14.5,8334946,88352114
2018/5/18,14.31,14.43,14.36,14.16,7615200,78704736
2018/5/17,14.57,14.65,14.28,14.23,9596839,99831310
2018/5/16,14.7,14.81,14.61,14.54,8330900,88532496
2018/5/15,14.6,14.79,14.74,14.5,7103942,75388892
2018/5/14,15.26,15.3,14.61,14.5,13792428,147199943
2018/5/11,15.11,15.32,15.23,15.08,7010180,77243573
2018/5/10,15.28,15.32,15.03,14.86,7163887,78171014
2018/5/9,15.4,15.43,15.15,15.11,6588458,72458524
2018/5/8,15.22,15.43,15.32,15.08,9954593,110034973
2018/5/7,14.93,15.54,15.21,14.93,13480851,149111682
2018/5/4,15.12,15.26,14.81,14.72,15140288,163427012
2018/5/3,14.2,15.34,15.33,14.2,15712094,168151027
2018/5/2,14.5,14.61,14.21,14.12,7038600,73027877
2018/4/27,14.5,14.74,14.46,14.25,10387140,108588081
2018/4/26,14.9,15.12,14.24,14.23,14210228,150575259
2018/4/25,14.5,15.32,14.86,14.43,13041186,140564309
2018/4/24,15.04,15.04,14.61,14.36,18422677,194617943
2018/4/23,15.26,15.46,15.15,15.05,7310788,80539768
2018/4/20,15.66,15.72,15.22,15.18,8677980,96186518
2018/4/19,15.64,15.79,15.65,15.5,4951975,56027826
2018/4/18,15.54,15.64,15.59,15.08,9242169,102694482
2018/4/17,15.61,15.86,15.36,15.33,5358158,60542879
2018/4/16,15.77,15.95,15.61,15.5,5779000,65736112
2018/4/13,16.24,16.28,15.87,15.83,7250191,83695213
2018/4/12,16.13,16.31,16.09,15.99,6049316,70493820
2018/4/11,16.38,16.68,16.34,16.16,6760600,80254221
2018/4/10,16.15,16.57,16.33,15.83,6816963,79556163
2018/4/9,15.99,16.3,16.02,15.91,5198672,60406558
2018/4/4,16.59,16.71,16.06,16.02,9882451,116488587
2018/4/3,16.44,16.89,16.57,16.38,11561553,138719128
2018/4/2,16.44,16.93,16.78,16.04,15529884,186352261
2018/3/30,15.65,16.52,16.2,15.64,17218017,200388608
2018/3/29,16.48,16.75,16.56,16.35,6354337,76167514
2018/3/28,16.01,16.73,16.46,15.9,11241300,134166131
2018/3/27,16.12,16.57,16.26,15.98,13431533,157956491
2018/3/26,15.46,15.93,15.84,15.03,12076406,135924575
2018/3/23,15.8,16.35,15.64,15.44,11727637,135145213
2018/3/22,16.96,17.33,16.59,16.51,7791422,94893164
2018/3/21,17.4,17.61,17.06,17.02,7563768,95018837
2018/3/20,16.99,17.44,17.33,16.82,7123896,88690390
2018/3/19,17.26,17.58,17.29,17.03,5874626,73629734
2018/3/16,17.25,17.36,17.28,16.89,10488918,130150638
2018/3/15,17.64,17.85,17.14,16.74,16679132,209234644
2018/3/14,18.3,18.38,17.75,17.75,10996061,142477048
2018/3/13,18.76,18.76,18.25,18.14,15317401,203033785
2018/3/12,18.65,18.77,18.66,18.23,17123485,229851292
2018/3/9,17.69,18.59,18.41,17.69,17194505,225830366
2018/3/8,17.64,17.85,17.69,17.36,8516213,108627079
2018/3/7,18.07,18.16,17.61,17.58,7775462,100605250
2018/3/6,17.82,18.25,18,17.64,10585763,137680416
2018/3/5,17.85,17.93,17.75,17.28,12689292,161543309
2018/3/2,18.26,18.4,17.85,17.61,14035436,181497862
2018/3/1,18.15,18.49,18.41,17.97,10817791,143275005
2018/2/28,18.12,18.51,18.22,17.54,9150359,120624396
2018/2/27,18.48,18.73,18.11,18.04,12674425,167938192
2018/2/26,17.07,18.49,18.26,16.81,21188186,272590810
2018/2/23,16.26,17.03,16.96,16.16,18412201,221481120
2018/2/22,16.52,16.56,16.24,15.91,11155906,130609376
2018/2/14,16.67,16.68,16.34,16.02,8896337,104744426
2018/2/13,16.02,16.59,16.53,15.99,14360072,170479048
2018/2/12,15.61,16.12,15.94,15.61,12030220,139101025
2018/2/9,15.64,15.9,15.47,15.05,21235093,238286449
2018/2/8,15.41,16.1,15.99,15.22,15037385,173082230
2018/2/7,15.37,15.86,15.36,15.04,21035886,234815706
2018/2/6,14.24,15.54,14.93,13.96,29012652,316357945
2018/2/5,14.75,15.11,14.61,14.3,31093804,329546458
2018/2/2,13.95,16.85,15.19,13.95,92292723,995342727
2018/2/1,15.39,15.39,15.39,15.39,7954100,88608674
2018/1/31,17.1,17.1,17.1,17.1,14851800,183865284
2018/1/30,19.06,19.25,18.99,18.52,16313948,222976517
2018/1/29,19.47,20,18.89,18.8,18257981,254299439
2018/1/26,20.04,20.23,19.67,19.52,11669974,167221921
2018/1/25,19.83,20.51,19.89,19.64,30664376,445113529
2018/1/24,20.28,20.87,19.88,19.47,31803481,462456323
2018/1/23,21.41,21.59,20.33,20.17,26747548,399261487
2018/1/22,22.35,22.35,21.48,21.24,18795598,293067505
2018/1/19,20.95,22.39,22.1,20.95,20220736,319866109
2018/1/18,20.77,21.8,21.16,20.66,18870402,291143995
2018/1/17,20.39,21.48,21.24,19.39,35845256,529293925
2018/1/16,21.71,21.95,20.29,20.04,27219598,409977289
2018/1/15,22.31,22.54,21.75,21.42,19746211,313326767
2018/1/12,22.9,22.91,22.1,21.73,25811963,413540841
2018/1/11,23.18,23.29,22.86,22.86,11885921,198089042
2018/1/10,23.16,23.55,23.38,22.51,23765493,395145876
2018/1/9,23.52,24.1,23.16,22.44,34344045,573604081
2018/1/8,25.48,25.5,23.96,23.51,29926102,523565232
2018/1/5,25.98,25.99,25.48,25.39,8288296,153575961
2018/1/4,26.1,26.1,26.04,25.5,12413651,231567658
2018/1/3,25.01,26.17,26.1,24.7,18890527,348332541
2018/1/2,25.77,25.77,24.97,24.63,10705540,193869487
2017/12/29,10.89,11.35,11.25,10.89,10140883,186250173
2017/12/28,10.93,11.06,10.87,10.82,7563712,136220844
2017/12/27,11.21,11.21,10.93,10.81,11867060,213595358
2017/12/26,11.4,11.46,11.21,11.03,9249896,170337325
2017/12/25,11.79,11.97,11.41,11.3,8162577,154908352
2017/12/22,11.82,12.11,11.8,11.73,7133874,139902514
2017/12/21,11.57,11.91,11.85,11.27,9108534,174679698
2017/12/20,11.49,11.69,11.63,11.3,8357699,158069927
2017/12/19,11.52,11.58,11.5,11.24,5698760,106762636
2017/12/18,11.53,11.66,11.51,11.44,5340161,101518342
2017/12/15,11.72,11.91,11.53,11.37,8731272,166298883
2017/12/14,11.15,12,11.78,11.11,15893736,301228100
2017/12/13,11.34,11.46,11.1,10.94,15053088,276656310
2017/12/12,11.58,11.67,11.37,11.14,27570126,517291177
2017/12/11,11.55,12.08,11.94,11.41,9250805,180670172
2017/12/8,11.24,11.58,11.55,11.16,13584850,254904333
2017/12/7,11.78,11.82,11.27,11.06,15237834,283714131
2017/12/6,11.66,11.84,11.78,11.49,7635096,146336537
2017/12/5,11.75,11.88,11.73,11.61,7539784,145819805
2017/12/4,11.67,12,11.76,11.58,9663849,187636186
2017/12/1,11.63,11.75,11.6,11.48,11668860,223603901
2017/11/30,12.13,12.18,11.65,11.57,11431159,222043672
2017/11/29,12.43,12.44,12.09,11.82,12661727,251489022
2017/11/28,12.22,12.43,12.4,12.03,8621573,173379846
2017/11/27,12.34,12.57,12.16,12.09,9321410,188496451
2017/11/24,12.76,12.76,12.34,12.31,13781532,283133395
2017/11/23,13.43,13.43,12.76,12.16,21784652,457825657
2017/11/22,13.43,13.59,13.46,13.28,12002942,265109891
2017/11/21,13.16,13.64,13.38,13.07,17315651,380455487
2017/11/20,12.46,13.49,13.37,12.19,21918012,466561654
2017/11/17,12.61,12.89,12.47,12.34,16569021,344980009
2017/11/16,12.44,12.93,12.74,12.03,26560858,543285689
2017/11/15,12.95,13.06,12.44,12.11,32139474,656527908
2017/11/14,13.33,13.35,12.8,12.8,15184639,326946596
2017/11/13,13.49,13.63,13.31,12.96,22664556,493752564
2017/11/10,13.37,14.09,13.55,13.29,19781258,444727952
2017/11/9,13.46,13.66,13.5,13.26,18705403,415132248
2017/11/8,13.19,13.95,13.35,13.18,25910498,576282458
2017/11/7,12.88,13.46,13.24,12.7,29887860,643312560
2017/11/6,11.88,12.9,12.9,11.82,24209132,490479994
2017/11/3,11.67,12.06,11.73,11.48,14559073,282174063
2017/11/2,11.74,11.81,11.67,11.31,12696794,240720930
2017/11/1,11.77,12.14,11.55,11.46,18697154,363264418
2017/10/31,11.2,11.66,11.65,11.08,15568448,291862285
2017/10/30,11.29,11.37,11.13,10.97,10457165,192225073
2017/10/27,10.82,11.32,11.17,10.73,23303201,427023344
2017/10/26,10.3,10.64,10.64,10.22,15004008,257347258
2017/10/25,10.51,10.51,10.29,10.1,23367225,392413556
2017/10/24,10.61,10.64,10.58,10.45,4635607,80435860
2017/10/23,10.81,10.93,10.51,10.47,6918303,121116019
2017/10/20,10.82,10.87,10.81,10.61,4821097,85124905
2017/10/19,10.85,10.93,10.83,10.62,5092150,89954078
2017/10/18,10.88,10.99,10.85,10.75,4645757,82976072
2017/10/17,10.48,10.94,10.83,10.44,11216230,198882104
2017/10/16,10.42,10.5,10.48,10.36,4365910,75033586
2017/10/13,10.45,10.55,10.42,10.33,3489937,59779194
2017/10/12,10.34,10.68,10.44,10.33,4688462,81168072
2017/10/11,10.39,10.67,10.33,10.33,7309841,125679070
2017/10/10,10.48,10.62,10.56,10.32,8069756,138957222
2017/10/9,10.21,10.57,10.53,10.2,14013779,240278637
2017/9/29,9.83,10.1,10.08,9.83,7952355,130870550
2017/9/28,9.94,10.05,9.82,9.82,5432045,88502319
2017/9/27,9.85,10.06,9.99,9.75,8279033,135452073
2017/9/26,9.79,9.91,9.8,9.66,7559459,121655194
2017/9/25,9.58,9.85,9.82,9.47,8013187,128429250
2017/9/22,9.51,9.6,9.57,9.36,5250419,81844792
2017/9/21,9.69,9.69,9.51,9.47,6720404,105380685
2017/9/20,9.62,9.72,9.7,9.48,8006265,126348586
2017/9/19,9.73,9.81,9.62,9.51,7468119,118521861
2017/9/18,9.66,9.85,9.82,9.6,7091497,113731457
2017/9/15,9.72,9.77,9.66,9.59,3267162,52078339
2017/9/14,9.94,9.94,9.72,9.72,5587965,90122661
2017/9/13,9.82,9.96,9.94,9.77,10245486,166815092
2017/9/12,9.65,9.85,9.82,9.57,12457301,200571086
2017/9/11,9.42,9.66,9.63,9.35,8300831,130229587
2017/9/8,9.59,9.67,9.42,9.35,6299707,98091559
2017/9/7,9.46,9.65,9.57,9.46,6727853,106144490
2017/9/6,9.37,9.57,9.48,9.32,6850344,106951820
2017/9/5,9.43,9.48,9.39,9.3,5030199,77634939
2017/9/4,9.27,9.45,9.43,9.23,8738070,134865828
2017/9/1,9.21,9.38,9.31,9.15,7179252,109141107
2017/8/31,9.16,9.24,9.21,9.1,5457066,82249298
2017/8/30,9.21,9.24,9.19,9.09,6952732,104804859
2017/8/29,9.01,9.27,9.19,9,14495018,218862652
2017/8/28,9.12,9.14,8.99,8.78,23159397,340439907
2017/8/25,9.24,9.38,9.24,9.21,8162571,124838048
2017/8/24,9.31,9.43,9.32,9.21,5424281,83214895
2017/8/23,9.17,9.45,9.31,9.15,13587379,209463778
2017/8/22,9.18,9.43,9.27,9.12,12151897,186913272
2017/8/21,8.93,9.14,9.12,8.9,7197952,107346514
2017/8/18,9.13,9.32,9.03,8.93,9755115,145324058
2017/8/17,9.21,9.27,9.19,9.08,7670121,115252147
2017/8/16,9.48,9.51,9.23,9.15,7817775,119514746
2017/8/15,9.54,9.56,9.52,9.36,6396113,99329128
2017/8/14,9.27,9.58,9.49,9.27,5092302,79460219
2017/8/11,9.18,9.39,9.3,9.16,2922620,44756553
2017/8/10,9.36,9.43,9.27,9.27,2650341,40697180
2017/8/9,9.21,9.43,9.41,9.09,6680327,101944505
2017/8/8,9.39,9.39,9.24,9.18,5959699,90753122
2017/8/7,9.36,9.47,9.35,9.25,4484959,69133742
2017/8/4,9.42,9.48,9.31,9.21,7203476,110570148
2017/8/3,9.71,9.72,9.44,9.34,14045591,219276411
2017/8/2,10.02,10.02,9.77,9.58,12641860,203696671
2017/8/1,10.02,10.11,10.03,9.94,5972209,98387254
2017/7/31,10.03,10.14,10.1,9.82,7526639,123617335
2017/7/28,10.06,10.06,10.01,9.88,4580953,75033496
2017/7/27,9.97,10.07,10.07,9.92,5368498,88388643
2017/7/26,9.91,10.02,9.96,9.82,3746292,61164662
2017/7/25,9.87,10,9.92,9.79,3140001,51226832
2017/7/24,10.03,10.05,9.85,9.79,6426199,104442034
2017/7/21,9.97,10.06,10.02,9.86,6391914,104972648
2017/7/20,9.89,9.99,9.91,9.85,3621377,59149033
2017/7/19,9.74,9.96,9.91,9.66,10745567,174630575
2017/7/18,9.38,9.74,9.71,9.38,7465571,118089373
2017/7/17,9.64,9.66,9.38,9.36,8186623,127957953
2017/7/14,9.8,9.84,9.66,9.63,5786795,92372339
2017/7/13,9.74,9.94,9.8,9.63,6328035,102079102
2017/7/12,9.74,9.82,9.68,9.6,7145643,113651903
2017/7/11,9.83,9.93,9.74,9.61,7618260,122304083
2017/7/10,10.03,10.21,9.75,9.68,9734708,158166651
2017/7/7,10.09,10.1,10.05,9.94,3697825,60876185
2017/7/6,10.01,10.1,10.05,9.91,6925827,114075087
2017/7/5,9.9,10.26,10.05,9.79,19094084,315870641
2017/7/4,9.58,9.9,9.9,9.56,13056626,208751909
2017/7/3,9.72,9.86,9.69,9.59,14256749,227815598
2017/6/30,9.18,9.78,9.78,9.18,17941448,282865713
2017/6/29,9.37,9.43,9.2,9.2,12951980,198557308
2017/6/28,9.5,9.5,9.34,9.32,7353006,113750234
2017/6/27,9.62,9.63,9.5,9.49,8984531,140994431
2017/6/26,9.44,9.68,9.61,9.35,13369323,209939911
2017/6/23,9.26,9.48,9.46,9.21,9199112,141327107
2017/6/22,9.33,9.43,9.32,9.24,10512317,161485996
2017/6/21,9.15,9.41,9.36,9.04,14485669,220194613
2017/6/20,9.2,9.23,9.14,9.01,8205836,123334012
2017/6/19,9.01,9.27,9.2,9.01,9493021,143285292
2017/6/16,9.17,9.18,9,9,6960526,103981967
2017/6/15,9.09,9.21,9.2,9.06,6550425,98585676
2017/6/14,9.15,9.16,9.07,9.04,3876187,57965070
2017/6/13,9.01,9.21,9.15,8.96,4232134,63606619
2017/6/12,9.21,9.21,9.01,9.01,5627051,83927998
2017/6/9,9.15,9.27,9.22,9.07,9081944,137363212
2017/6/8,9.01,9.24,9.13,8.98,10369933,156275417
2017/6/7,8.8,9.09,9.01,8.74,10045836,148475795
2017/6/6,8.75,8.87,8.73,8.63,5101993,73163252
2017/6/5,9.02,9.04,8.75,8.73,6347013,92635866
2017/6/2,8.85,8.99,8.98,8.65,8151795,118015371
2017/6/1,8.9,8.96,8.85,8.84,4217080,61872236
2017/5/31,8.75,8.91,8.89,8.7,5138286,74523205
2017/5/26,8.7,8.79,8.69,8.59,3312119,47375461
2017/5/25,8.88,8.92,8.7,8.49,10464744,149650395
2017/5/24,9.01,9.02,8.95,8.34,16377766,234392911
2017/5/23,9,9.08,8.99,8.97,4429217,65962053
2017/5/22,9.02,9.16,9,8.83,5146766,76284251
2017/5/19,9.2,9.2,9,8.94,8508065,126962422
2017/5/18,9.32,9.32,9.16,9.12,8788782,133544425
2017/5/17,9.28,9.46,9.39,9.23,12332330,190946175
2017/5/16,9.03,9.31,9.29,8.91,12824573,192984739
2017/5/15,9.03,9.16,9.06,8.91,9036328,134679510
2017/5/12,9,9.03,8.98,8.91,5238469,77636044
2017/5/11,8.94,9.05,9,8.82,7361478,108436047
2017/5/10,8.98,9.19,8.94,8.91,9054026,135293525
2017/5/9,8.97,8.97,8.93,8.79,7618978,111461195
2017/5/8,8.91,9.08,8.94,8.91,5064206,75209265
2017/5/5,9,9.09,8.98,8.96,5261878,78367051
2017/5/4,9.13,9.21,9.02,9.01,6567196,98606544
2017/5/3,9.02,9.16,9.16,8.87,9877591,147254643
2017/5/2,9.15,9.16,9.02,8.96,5820109,86924517
2017/4/28,9.03,9.14,9.08,8.97,7503376,112363665
2017/4/27,8.75,9.06,9.06,8.66,13071171,191434969
2017/4/26,8.86,9,8.78,8.76,9347591,137321571
2017/4/25,8.74,8.95,8.9,8.59,11826785,172426589
2017/4/24,8.57,8.84,8.74,8.52,15849486,228301659
2017/4/21,8.49,8.58,8.57,8.47,5734998,80515363
2017/4/20,8.48,8.6,8.49,8.43,8753511,122838806
2017/4/19,8.46,8.51,8.49,8.4,5740768,80055051
2017/4/18,8.51,8.65,8.48,8.45,9116801,128505585
2017/4/17,8.61,8.62,8.51,8.37,8623765,120972339
2017/4/14,8.79,8.82,8.67,8.65,4952692,71005866
2017/4/13,8.86,8.99,8.79,8.75,7980144,116387674
2017/4/12,8.86,9.02,8.82,8.74,7000814,102587565
2017/4/11,8.97,9,8.87,8.66,10692469,155102958
2017/4/10,9.02,9.16,8.92,8.88,8550559,126566386
2017/4/7,9,9.03,9.02,8.88,9600329,141991583
2017/4/6,8.94,9.16,9,8.91,13694394,204623427
2017/4/5,8.85,9.03,8.93,8.69,11506951,169330634
2017/3/31,8.66,8.97,8.85,8.61,11794807,171201485
2017/3/30,8.79,8.88,8.66,8.6,9104020,130710583
2017/3/29,8.91,9,8.79,8.72,8749359,127476130
2017/3/28,9.14,9.19,8.91,8.69,22862334,333278865
2017/3/27,8.75,9.13,8.96,8.68,21308496,316096518
2017/3/24,8.66,8.86,8.76,8.56,19302633,279415938
2017/3/23,8.37,8.77,8.57,8.35,25011035,355697937
2017/3/22,8.23,8.42,8.34,8.2,7850588,108070170
2017/3/21,8.05,8.37,8.27,8,13283894,181084669
2017/3/20,8.12,8.18,8.12,7.97,12388271,164397599
2017/3/17,8.42,8.42,8.18,8.12,10059981,136680620
2017/3/16,8.22,8.4,8.32,8.04,22617472,305609939
2017/3/15,8.55,8.55,8.18,8.02,22516620,306646035
2017/3/14,8.63,8.79,8.59,8.53,9498261,135405531
2017/3/13,8.42,8.6,8.55,8.28,8015557,111940736
2017/3/10,8.36,8.44,8.35,8.3,5973804,82581052
2017/3/9,8.42,8.43,8.35,8.29,6016248,82742728
2017/3/8,8.51,8.54,8.39,8.34,9226515,128113211
2017/3/7,8.52,8.64,8.54,8.43,7287081,102618096
2017/3/6,8.42,8.59,8.52,8.38,7337567,102424256
2017/3/3,8.31,8.39,8.35,8.26,4731826,65037769
2017/3/2,8.5,8.57,8.31,8.31,7846053,108806138
2017/3/1,8.37,8.61,8.5,8.35,8359785,117325640
2017/2/28,8.45,8.58,8.36,8.29,14046148,194029859
2017/2/27,8.66,8.82,8.52,8.49,17444964,249386681
2017/2/24,8.35,8.95,8.75,8.35,25920093,374155070
2017/2/23,8.44,8.44,8.31,8.23,9175532,125600536
2017/2/22,8.49,8.52,8.46,8.32,7111449,98488026
2017/2/21,8.37,8.55,8.49,8.28,13610486,188854769
2017/2/20,8.22,8.55,8.46,8.15,13486303,187329573
2017/2/17,7.94,8.27,8.23,7.89,19428133,259651177
2017/2/16,7.94,8.08,7.96,7.91,4804959,63328241
2017/2/15,8.02,8.05,7.89,7.89,5010798,65632366
2017/2/14,8,8.05,8.02,7.92,5277379,69634323
2017/2/13,7.75,8.03,8,7.72,12203653,159862769
2017/2/10,7.76,7.83,7.68,7.68,3602195,45997832
2017/2/9,7.75,7.83,7.75,7.69,6123447,78363359
2017/2/8,7.68,7.85,7.81,7.68,5627778,71830765
2017/2/7,7.83,7.93,7.79,7.69,7190834,92223976
2017/2/6,7.75,7.91,7.88,7.68,5956843,77134412
2017/2/3,7.82,7.82,7.8,7.74,2252091,28957478
2017/1/26,7.73,7.83,7.79,7.72,3023815,38860611
2017/1/25,7.75,7.79,7.74,7.65,3558958,45413294
2017/1/24,7.7,7.85,7.69,7.64,5241397,66975238
2017/1/23,7.52,7.81,7.75,7.47,8666182,110016437
2017/1/20,7.25,7.53,7.52,7.25,5977733,73472570
2017/1/19,7.41,7.41,7.25,7.25,5043503,60673967
2017/1/18,7.43,7.51,7.41,7.35,3201991,39246258
2017/1/17,7.28,7.49,7.45,7.26,6414839,78425904
2017/1/16,7.35,7.6,7.3,7.06,10311177,125603621
2017/1/13,7.36,7.43,7.36,7.29,5582524,67801158
2017/1/12,7.53,7.57,7.4,7.34,7604318,93035142
2017/1/11,7.65,7.71,7.53,7.48,4892428,61058002
2017/1/10,7.55,7.71,7.69,7.52,6507230,82318107
2017/1/9,7.65,7.67,7.55,7.51,10138433,126622857
2017/1/6,7.85,7.85,7.66,7.64,12219197,155605132
2017/1/5,7.88,7.89,7.85,7.77,8490791,109556910
2017/1/4,7.82,7.94,7.89,7.82,7966580,103458274
2017/1/3,8.03,8.03,7.87,7.85,7441736,97176962
2016/12/30,11.29,11.3,11.25,11,11702811,153900275
2016/12/29,11.2,11.32,11.22,10.91,11275519,147405918
2016/12/28,11.31,11.38,11.2,11.17,5085498,67443007
2016/12/27,11.15,11.34,11.27,11.04,7850707,103453665
2016/12/26,10.92,11.15,11.15,10.88,7321837,94467278
2016/12/23,11.07,11.16,11.03,10.95,5621640,72778606
2016/12/22,11.16,11.28,11.11,11.05,9930318,130164831
2016/12/21,11.29,11.48,11.16,11.14,6662902,88415842
2016/12/20,11.2,11.49,11.29,10.97,7128942,93900678
2016/12/19,11.57,11.73,11.22,11.09,9661506,128448432
2016/12/16,11.21,11.68,11.52,11.05,10216157,136677340
2016/12/15,11.14,11.38,11.2,10.8,11707853,153237096
2016/12/14,11.67,11.84,11.13,11.11,14202517,189902327
2016/12/13,11.25,11.83,11.74,11.07,14953355,201389413
2016/12/12,11.41,11.48,11.22,10.99,19185166,253134210
2016/12/9,11.58,11.8,11.45,11.41,10330797,140307699
2016/12/8,11.71,11.74,11.66,11.5,8506375,115759998
2016/12/7,11.89,11.89,11.67,11.6,12259220,168388749
2016/12/6,12.08,12.19,11.85,11.75,15478529,216351219
2016/12/5,11.3,12.06,12.05,11.26,26555937,367019732
2016/12/2,11.51,12.05,11.5,11.4,27241815,374293534
2016/12/1,10.94,11.86,11.74,10.9,53767693,738279728
2016/11/4,10.82,11.15,10.78,10.71,16723230,214757163
2016/11/3,10.94,10.99,10.9,10.75,11980092,153066551
2016/11/2,10.87,11.11,10.88,10.73,13848805,177391698
2016/11/1,10.79,11.13,10.94,10.68,25546752,329911470
2016/10/31,10.74,10.81,10.79,10.54,16818551,211579646
2016/10/28,10.22,11,10.68,10.22,29060337,365121095
2016/10/27,10.34,10.34,10.19,10.09,9478239,113164741
2016/10/26,10.42,10.49,10.3,10.22,15209614,183803951
2016/10/25,10.53,10.53,10.48,10.36,9960257,121925810
2016/10/24,10.43,10.56,10.53,10.31,8791894,107616378
2016/10/21,10.59,10.62,10.43,10.34,6621026,81207191
2016/10/20,10.44,10.68,10.59,10.39,8193842,101560301
2016/10/19,10.66,10.7,10.4,10.35,8287172,102206591
2016/10/18,10.56,10.69,10.61,10.47,12740980,158222407
2016/10/17,10.55,10.74,10.6,10.48,9604827,119500404
2016/10/14,10.65,10.74,10.5,10.44,14619874,180547998
2016/10/13,10.87,10.9,10.74,10.72,9267466,117429896
2016/10/12,10.67,11.15,10.87,10.67,20320112,261801108
2016/10/11,10.67,10.83,10.74,10.57,10253115,129122435
2016/10/10,10.49,10.88,10.72,10.48,21383518,269854681
2016/9/30,9.96,10.48,10.47,9.96,18809864,227567673
2016/9/29,9.79,10.02,9.96,9.74,6195889,72188634
2016/9/28,9.78,9.84,9.79,9.71,4126528,47390985
2016/9/27,9.89,9.93,9.75,9.64,6370313,72974172
2016/9/26,9.97,10.01,9.88,9.82,5911801,68986125
2016/9/23,10.09,10.12,9.97,9.96,5013972,59070586
2016/9/22,10.05,10.15,10.07,10.01,5570788,66106245
2016/9/21,9.98,10.03,10.01,9.89,4933320,57771590
2016/9/20,10.04,10.04,9.93,9.86,4596835,53576039
2016/9/19,9.93,10.06,10.03,9.89,5531014,64901652
2016/9/14,9.88,10.02,9.93,9.76,4748721,54991494
2016/9/13,9.96,10.05,9.91,9.89,5217498,61079303
2016/9/12,9.88,10.04,9.83,9.73,8103977,94156661
2016/9/9,10.06,10.13,9.97,9.96,10674116,125793216
2016/9/8,10.2,10.27,10.1,10.02,11517119,136790309
2016/9/7,10.33,10.35,10.24,10.22,7520380,90732966
2016/9/6,10.27,10.38,10.34,10.07,10982929,132238024
2016/9/5,10.23,10.28,10.25,10.15,5233237,62730574
2016/9/2,10.09,10.25,10.25,9.96,15635677,185751724
2016/9/1,10.16,10.26,10.1,10.09,7054038,84146147
2016/8/31,10.22,10.36,10.15,10.12,8790819,105550582
2016/8/30,10.46,10.46,10.22,10.21,11202426,136199747
2016/8/29,10.43,10.51,10.36,10.22,9255122,112585175
2016/8/26,10.36,10.49,10.37,10.29,11024580,134626349
2016/8/25,10.13,10.44,10.37,10,11368550,136948741
2016/8/24,10.25,10.28,10.19,10.12,5962677,71406935
2016/8/23,10.15,10.31,10.22,10.09,5361424,64138725
2016/8/22,10.46,10.48,10.22,10.21,6351583,76945442
2016/8/19,10.62,10.62,10.41,10.29,9574938,116745344
2016/8/18,10.35,10.59,10.45,10.25,14427733,177366819
2016/8/17,10.13,10.35,10.35,10.06,10773357,128881335
2016/8/16,10.07,10.16,10.07,10.03,7514646,89009588
2016/8/15,9.86,10.15,10.08,9.8,14223285,167448333
2016/8/12,9.68,9.89,9.8,9.68,4899737,56214649
2016/8/11,9.78,9.91,9.73,9.72,4478671,51678106
2016/8/10,9.94,10.02,9.82,9.82,5761200,66898655
2016/8/9,9.9,10.15,9.96,9.78,7187929,84370080
2016/8/8,10.05,10.05,9.9,9.79,4921322,57178791
2016/8/5,9.71,9.9,9.88,9.62,6799354,78086455
2016/8/4,9.96,10.04,9.83,9.72,11553560,133530992
2016/8/3,10.17,10.17,10.05,10.03,6124122,72555217
2016/8/2,10.19,10.28,10.17,10.01,6095286,72820782
2016/8/1,10.31,10.31,10.16,9.92,9250226,109803899
2016/7/29,10.1,10.37,10.28,9.77,18441676,219298884
2016/7/28,10.14,10.18,10.1,9.46,24822471,285299724
2016/7/27,10.46,10.54,10.13,9.88,16450263,197838493
2016/7/26,10.3,10.48,10.48,10.3,9583776,117179209
2016/7/25,10.3,10.43,10.42,10.07,16566019,199354346
2016/7/22,10.69,10.74,10.3,10.21,18014431,219915084
2016/7/21,10.65,10.77,10.69,10.52,15733239,197521820
2016/7/20,10.42,10.72,10.55,10.32,15439991,190614610
2016/7/19,10.32,10.35,10.33,10.18,9091707,109923078
2016/7/18,10.28,10.32,10.27,10.06,9363528,112214202
2016/7/15,10.32,10.34,10.28,10.19,9044468,109007083
2016/7/14,10.43,10.43,10.34,10.19,10286778,124644929
2016/7/13,10.25,10.46,10.33,10.19,15063394,182812727
2016/7/12,10.41,10.42,10.17,10,27548841,328245713
2016/7/11,10.26,10.48,10.22,10.13,25465921,308744674
2016/7/8,10.52,10.52,10.12,10.08,17128312,205247844
2016/7/7,11.07,11.07,10.38,10.21,30373441,373174594
2016/7/6,10.5,10.78,10.4,10.35,19291153,237293339
2016/7/5,10.21,10.93,10.65,10.21,22833709,286527882
2016/7/4,10.12,10.46,10.22,10.05,12756594,154404728
2016/7/1,10.14,10.33,10.22,10.13,6964571,83575332
2016/6/30,10.15,10.35,10.25,10.05,11977025,143815457
2016/6/29,10.3,10.38,10.15,9.99,16273863,193630569
2016/6/28,10.44,10.6,10.25,10.23,21012079,256002794
2016/6/27,10.3,10.56,10.53,10.14,20093790,244829273
2016/6/24,10.13,10.32,10.19,9.54,20314768,240784728
2016/6/23,10.3,10.43,10.2,10.03,18701520,224475754
2016/6/22,9.89,10.56,10.3,9.73,32255234,386513684
2016/6/21,9.56,9.86,9.64,9.44,24869026,282938900
2016/6/20,9.58,9.84,9.51,9.37,27024992,305354966
2016/6/17,9.58,9.67,9.42,9.22,26745802,296380837
2016/6/16,9.03,9.56,9.51,8.89,39324602,427696969
2016/6/15,8.68,9.16,9.05,8.61,23101505,243107752
2016/6/14,8.43,8.77,8.76,8.4,17397060,176394147
2016/6/13,8.79,8.87,8.47,8.47,20313475,206764122
2016/6/8,8.93,8.98,8.94,8.75,15092091,157315598
2016/6/7,8.82,9.05,8.93,8.81,16718109,175768964
2016/6/6,8.91,8.97,8.9,8.7,14068880,145606967
2016/6/3,8.91,9.05,8.86,8.86,18161086,190533866
2016/6/2,8.8,9.1,8.93,8.8,21245932,223092234
2016/6/1,8.86,8.99,8.87,8.76,25992203,270883187
2016/5/31,8.6,8.93,8.89,8.58,25996548,268257475
2016/5/30,8.36,8.65,8.61,8.24,17051822,170985175
2016/5/27,8.43,8.51,8.35,8.31,7396847,72926686
2016/5/26,8.41,8.56,8.47,8.17,13172085,128933518
2016/5/25,8.63,8.68,8.41,8.4,13125940,131268957
2016/5/24,8.63,8.74,8.66,8.36,23131567,232153733
2016/5/23,8.45,8.73,8.61,8.4,26592080,269040255
2016/5/20,7.98,8.66,8.49,7.97,35152538,345888048
2016/5/19,7.78,8.09,8.08,7.78,15464450,145426528
2016/5/18,7.99,8.12,7.81,7.74,10915821,102159811
2016/5/17,7.85,8.13,8.04,7.84,17225186,163129424
2016/5/16,7.75,7.84,7.84,7.67,5677991,51978822
2016/5/13,7.89,8.01,7.81,7.72,7817127,72388647
2016/5/12,7.79,7.94,7.91,7.62,13749280,125069813
2016/5/11,8,8.04,7.87,7.85,5517243,51565412
2016/5/10,7.95,8.1,7.96,7.89,7866333,74187552
2016/5/9,7.91,8.19,7.96,7.77,14971137,140727696
2016/5/6,8.24,8.3,7.95,7.94,13298016,127419000
2016/5/5,8.22,8.3,8.23,8.15,8447179,81788768
2016/5/4,8.19,8.35,8.22,8.16,11781009,114948728
2016/5/3,8,8.29,8.23,7.95,13507329,130137544
2016/4/29,7.98,8.11,8,7.94,9252409,87323128
2016/4/28,8.06,8.13,8.08,7.89,11725556,110756064
2016/4/27,8.06,8.15,8,7.99,6545456,62217484
2016/4/26,8.02,8.12,8.11,7.95,11741459,111281440
2016/4/25,8.1,8.11,8.02,7.91,10309596,97310064
2016/4/22,7.68,8.23,8.17,7.61,22129336,206060128
2016/4/21,7.78,7.81,7.71,7.69,11006602,100473048
2016/4/20,8.29,8.31,7.79,7.62,21852660,203909408
2016/4/19,8.23,8.32,8.24,8.19,14788539,143395520
2016/4/18,8.49,8.49,8.24,8.15,18383120,179109856
2016/4/15,8.55,8.58,8.49,8.47,14075742,141019728
2016/4/14,8.64,8.67,8.55,8.49,19009048,191226736
2016/4/13,8.57,8.71,8.6,8.55,15254560,155321600
2016/4/12,8.74,8.74,8.53,8.47,12274320,123500720
2016/4/11,8.65,8.73,8.68,8.57,11295084,115412272
2016/4/8,8.59,8.59,8.48,8.41,11073759,110794520
2016/4/7,8.83,8.87,8.61,8.56,15230231,155606688
2016/4/6,8.79,8.91,8.78,8.71,13232819,137368448
2016/4/5,8.58,8.8,8.78,8.52,13766405,140878064
2016/4/1,8.68,8.68,8.57,8.49,11320597,113897672
2016/3/31,8.85,8.95,8.72,8.65,18312452,189091504
2016/3/30,8.56,8.83,8.79,8.5,18386108,186898912
2016/3/29,8.61,8.64,8.47,8.4,11504653,115066696
2016/3/28,8.9,8.96,8.61,8.53,15796072,162979024
2016/3/25,8.79,8.89,8.81,8.68,10750007,111160248
2016/3/24,9.01,9.07,8.79,8.79,19675648,206846960
2016/3/23,9.22,9.41,9.15,9.02,22793370,247090944
2016/3/22,8.73,9.2,9.06,8.65,28872404,305797760
2016/3/21,8.8,8.96,8.96,8.7,23368012,243245648
2016/3/18,8.35,8.79,8.66,8.29,27283640,276916768
2016/3/17,8.15,8.34,8.3,8.03,13817805,134098760
2016/3/16,8.27,8.3,8.02,7.94,9760160,92729128
2016/3/15,8.27,8.37,8.18,8.18,11790767,114694400
2016/3/14,8.06,8.36,8.23,8.06,14432385,140194048
2016/3/11,7.91,8.02,7.97,7.86,5707921,53372692
2016/3/10,8.03,8.17,7.98,7.92,8204768,77895072
2016/3/9,7.96,8.11,8.02,7.89,8046355,75875576
2016/3/8,8.27,8.28,8.2,7.9,10768406,102445952
2016/3/7,8.17,8.49,8.27,8.15,15565886,152407648
2016/3/4,8.15,8.26,8.2,7.91,20146010,192889232
2016/3/3,8.21,8.28,8.18,8.12,14629645,141218608
2016/3/2,7.78,8.23,8.23,7.77,19873428,189130560
2016/3/1,7.56,7.77,7.72,7.48,14676372,132110352
2016/2/29,7.81,7.87,7.49,7.3,16132361,142720064
2016/2/26,7.72,7.87,7.77,7.62,16556741,151167424
2016/2/25,8.35,8.38,7.65,7.58,20661348,194032272
2016/2/24,8.57,8.62,8.4,8.17,21438300,211273296
2016/2/23,8.97,8.97,8.57,8.48,21284920,216477728
2016/2/22,8.82,8.82,8.71,8.62,23175388,237687456
2016/2/19,8.56,8.73,8.62,8.43,22783294,229731952
2016/2/18,8.57,8.61,8.4,8.34,15681859,155835264
2016/2/17,8.62,8.62,8.51,8.35,18280956,183040992
2016/2/16,8.23,8.42,8.38,8.17,16721795,163803760
2016/2/15,7.92,8.16,8.09,7.84,10508410,99021840
2016/2/5,8.32,8.47,8.26,8.23,14089753,138852224
2016/2/4,8.13,8.43,8.23,8.13,14706244,143605904
2016/2/3,8.04,8.12,8.07,7.82,14592141,136746160
2016/2/2,7.81,8.24,8.11,7.77,14176910,134850496
2016/2/1,7.64,7.92,7.81,7.64,13195421,120976008
2016/1/29,7.32,7.75,7.7,7.32,12533024,112247872
2016/1/28,7.47,7.7,7.35,7.26,12611921,111273368
2016/1/27,7.73,7.87,7.61,7.22,17832112,157920512
2016/1/26,8.35,8.4,7.72,7.68,19327422,184175648
2016/1/25,8.3,8.62,8.49,8.17,21338284,212253312
2016/1/22,8.11,8.23,8.1,7.85,10910982,103488448
2016/1/21,8.34,8.45,8.02,8.02,16787612,163676560
2016/1/20,8.49,8.66,8.48,8.3,18221724,181721968
2016/1/19,8.23,8.62,8.61,8.16,19187064,188978800
2016/1/18,7.67,8.38,8.23,7.67,17698908,169556352
2016/1/15,8.07,8.3,7.98,7.83,23095836,220029264
2016/1/14,7.22,8.18,8.12,7.11,33108836,304298272
2016/1/13,7.7,8.06,7.44,7.42,22539082,206583136
2016/1/12,7.72,7.83,7.66,7.3,20249002,181582352
2016/1/11,8.4,8.4,7.63,7.63,23669524,221443008
2016/1/8,8.73,8.82,8.48,7.98,20586144,207442528
2016/1/7,9.14,9.21,8.45,8.45,5698180,58595836
2016/1/6,9.34,9.45,9.4,9.14,17501308,192163456
2016/1/5,8.96,9.59,9.23,8.71,30053272,327824512
2016/1/4,10.7,10.77,9.55,9.54,18559028,222006432
2015/12/31,11.29,11.39,11.25,10.93,22383464,277881664
2015/12/30,11.09,11.34,11.28,10.99,22803084,283197856
2015/12/29,10.73,11.03,11.03,10.66,17763272,214302640
2015/12/28,11.23,11.27,10.74,10.69,19686468,239009200
2015/12/25,10.92,11.24,11.09,10.84,16427669,202001200
2015/12/24,10.99,10.99,10.9,10.63,18709672,223796624
2015/12/23,11.35,11.46,11.03,11,22225848,276005600
2015/12/22,11.21,11.52,11.46,11.17,26159986,329775968
2015/12/21,11.34,11.48,11.16,11.03,25956932,322475520
2015/12/18,11.53,11.75,11.33,11.26,37737576,478993472
2015/12/17,11.3,11.8,11.68,11.18,58524568,752145536
2015/12/16,11.26,11.89,11.38,11.17,72191672,923455552
2015/12/15,10.72,11.16,11.16,10.66,16015784,196892592
2015/12/14,9.7,10.16,10.14,9.65,16653412,183048064
2015/12/11,9.91,10.13,9.91,9.83,12328508,136610192
2015/12/10,9.65,10.23,10.01,9.62,23452028,258384576
2015/12/9,9.88,10.04,9.66,9.62,18041416,196030384
2015/12/8,10.27,10.27,9.91,9.82,19456312,215577840
2015/12/7,10.32,10.4,10.27,10.1,13838680,157619408
2015/12/4,10.54,10.63,10.28,10.22,20352680,235527584
2015/12/3,10.18,10.52,10.5,10.16,21331500,245529328
2015/12/2,10.08,10.2,10.08,9.78,19125446,211174768
2015/12/1,10.04,10.27,10.07,9.81,22532376,251817856
2015/11/30,10.13,10.45,10.07,9.35,40466736,445178560
2015/11/27,11.11,11.3,10.26,10.1,34620380,413203968
2015/11/26,11.44,11.57,11.11,11.03,27206256,338657408
2015/11/25,11.18,11.61,11.44,11.18,26885654,340490592
2015/11/24,11.28,11.32,11.16,10.86,31336660,384813920
2015/11/23,11.83,11.93,11.36,11.24,38761380,494546208
2015/11/20,11.53,12.01,11.75,11.39,41128004,535056096
2015/11/19,11.16,11.44,11.39,10.97,31987628,399224992
2015/11/18,11.8,11.8,11.18,11.09,42884124,546726080
2015/11/17,11.25,12.02,11.8,11,68819216,869615104
2015/11/16,10.81,11.6,11.24,10.63,59285156,733315392
2015/11/13,10.15,10.98,10.61,10.06,60359656,712982080
2015/11/12,10.09,10.35,10.12,9.96,42046856,473323136
2015/11/11,9.74,9.88,9.79,9.64,30598124,331279136
2015/11/10,9.82,10.16,9.87,9.74,40531900,447387872
2015/11/9,9.48,10.01,9.96,9.21,48487356,516636352
2015/11/6,9.28,9.79,9.63,9.28,30183980,322683296
2015/11/5,9.76,9.86,9.55,9.48,35282284,377924544
2015/11/4,9.43,9.83,9.78,9.32,32829332,349941152
2015/11/3,9.32,9.53,9.3,9.19,22939056,237874976
2015/11/2,9.28,9.72,9.22,9.18,37093564,386725984
2015/10/30,9.55,9.89,9.63,9.27,39023728,415638432
2015/10/29,9.56,9.81,9.62,9.46,30425708,325331552
2015/10/28,9.65,10.04,9.56,9.41,49050432,529376832
2015/10/27,9.15,9.93,9.85,8.87,64787640,676181056
2015/10/26,9.82,9.99,9.28,9.05,87186224,917413248
2015/10/23,9.04,9.39,9.39,9.04,48281000,498374688
2015/10/22,8.2,8.56,8.53,8.04,33380540,309257760
2015/10/21,9.01,9.09,8.18,8.15,60121824,576145088
2015/10/20,8.56,9.35,9.06,8.51,60905260,605845120
2015/10/19,8.56,8.84,8.66,8.29,44142348,416446144
2015/10/16,8.56,8.76,8.49,8.27,39311120,371287392
2015/10/15,7.94,8.66,8.49,7.93,41260432,378946624
2015/10/14,8.44,8.49,8.04,8.02,40730740,370624672
2015/10/13,8.37,8.41,8.38,8.19,33770632,310472704
2015/10/12,8.15,8.84,8.39,8.15,56089372,524860896
2015/10/9,8.11,8.38,8.11,7.94,51107264,462334720
2015/10/8,7.61,8.1,8.1,7.37,51486776,449237184
2015/9/30,7.59,8.08,7.36,7.21,31889656,273659456
2015/9/29,7.92,8.17,7.66,7.66,16709958,323426560
2015/9/28,7.37,8.05,8.05,7.37,15826951,297431360
2015/9/25,7.9,7.9,7.32,7.28,19110024,352608640
2015/9/24,7.87,8.01,7.94,7.66,20310436,388508416
2015/9/23,7.28,7.82,7.66,7.21,19237788,356553120
2015/9/22,7.49,7.71,7.4,7.35,14781902,270294048
2015/9/21,7.16,7.62,7.58,7.08,18713130,338033664
2015/9/18,7.04,7.45,7.35,7.04,20795776,368973664
2015/9/17,6.87,7.39,6.88,6.76,20443464,355863840
2015/9/16,6.38,6.89,6.89,6.3,15730426,252197472
2015/9/15,6.57,6.64,6.26,6.19,17906340,280252544
2015/9/14,7.57,7.65,6.77,6.77,25044010,437647168
2015/9/11,6.92,7.52,7.52,6.68,25695636,451648032
2015/9/10,6.9,7.17,6.84,6.81,12292156,211313888
2015/9/9,6.88,7.29,7.03,6.88,18510312,319951840
2015/9/8,6.15,6.88,6.86,6.14,12977144,207133808
2015/9/7,6,6.34,6.27,5.86,14310448,217060976
2015/9/2,5.77,6.49,5.76,5.68,17556628,255574816
2015/9/1,6.78,6.78,6.26,6.26,14458742,225857200
2015/8/31,7.14,7.45,6.96,6.95,20721862,362507424
2015/8/28,6.83,7.01,6.99,6.51,25430014,421287872
2015/8/27,6.06,6.44,6.44,6.03,26435804,413209696
2015/8/26,5.65,6.06,5.85,5.49,25664544,364784032
2015/8/25,5.32,6.03,5.51,5.32,30346968,410388352
2015/8/24,6.01,6.38,5.9,5.9,15500072,224433696
2015/8/21,6.97,7.25,6.56,6.56,20903464,348022944
2015/8/20,7.78,7.88,7.29,7.2,17606598,325044160
2015/8/19,7.49,8.05,7.9,7.01,30475920,549830720
2015/8/18,8.66,8.97,7.78,7.78,19635868,397571360
2015/8/17,8.02,8.7,8.65,8.02,18161154,377737504
2015/8/14,8.33,8.68,8.21,8.2,21620532,446926816
2015/8/13,7.94,8.42,8.2,7.9,20886720,415049696
2015/8/12,7.7,8.23,8,7.53,22624448,439280960
2015/8/11,7.9,7.98,7.78,7.66,21795968,416076768
2015/8/10,8.04,8.23,8.06,7.62,28891328,558669952
2015/8/7,7.31,7.88,7.88,7.29,29791748,560995904
2015/8/6,6.8,7.37,7.16,6.71,18357994,320881504
2015/8/5,6.69,6.96,6.96,6.57,21439760,355514432
2015/8/4,6.03,6.57,6.57,6.03,16311660,254752960
2015/8/3,6.24,6.47,5.97,5.85,13708314,207660480
2015/7/31,6.16,6.63,6.4,6.16,19696952,308518656
2015/7/30,6.09,6.65,6.19,6.06,17552470,274175424
2015/7/29,5.75,6.2,6.18,5.55,15396739,219358960
2015/7/28,5.54,6.14,5.64,5.45,17276260,240921776
2015/7/27,6.54,6.88,6.03,6.03,18661432,291554144
2015/7/24,6.85,7.12,6.7,6.58,18303780,308538752
2015/7/23,6.67,6.91,6.85,6.51,16947472,280178048
2015/7/22,6.59,6.76,6.67,6.49,18345672,296929408
2015/7/21,6.35,6.71,6.63,6.28,16401918,262699968
2015/7/20,6.51,6.79,6.51,6.39,21467192,344649024
2015/7/17,6.21,6.65,6.6,6.15,20961626,329538400
2015/7/16,5.8,6.24,6.15,5.42,16459773,242552032
2015/7/15,6.23,6.35,5.8,5.71,26156620,385423872
2015/7/14,6.32,6.32,6.32,6.14,26013048,400583488
2015/7/13,5.74,5.74,5.74,5.74,1182103,16584905
2015/7/10,5.22,5.22,5.22,5.12,8530067,108738192
2015/7/7,5.2,5.2,4.75,4.75,24047196,282535456
2015/7/6,6.31,6.31,5.27,5.16,26653640,368205920
2015/7/3,5.35,6.06,5.73,5.32,30313624,409375104
2015/7/2,6.76,6.83,5.91,5.91,21023244,313884192
2015/7/1,7.25,7.65,6.57,6.54,27535652,487358432
2015/6/30,6.56,7.48,7.23,6.43,29782552,499479712
2015/6/29,7.95,8.13,7.15,7.15,17422310,312313056
2015/6/26,8.19,8.26,7.94,7.94,14933119,292374464
2015/6/25,9.5,9.6,8.83,8.83,34158120,769201984
2015/6/24,10.24,10.85,9.81,9.1,54760900,1322485888
2015/5/26,9.08,9.99,9.98,9.08,33522390,788305408
2015/5/25,9.05,9.18,9.08,8.88,27127052,599495616
2015/5/22,9.45,9.55,9.25,8.99,25739884,581490560
2015/5/21,9,9.53,9.35,8.88,21235978,478678848
2015/5/20,9.24,9.55,9.01,9,30061362,684541056
2015/5/19,8.68,9.4,9.27,8.57,28553672,617977216
2015/5/18,8.14,8.76,8.68,8.12,28247456,583904384
2015/5/15,8.11,8.32,8.12,7.85,24511500,482588384
2015/5/14,8.31,8.43,8.18,8.1,25235368,506206176
2015/5/13,8.1,8.59,8.31,8.02,44174068,894084992
2015/5/12,7.46,8.18,8.08,7.31,44334928,833704064
2015/5/11,7.24,7.6,7.47,7.24,23694266,431194720
2015/5/8,7.02,7.22,7.2,6.86,18304252,315560032
2015/5/7,6.71,6.9,6.81,6.55,11318110,186070288
2015/5/6,6.82,7.02,6.73,6.71,11648796,195739760
2015/5/5,7.22,7.22,6.82,6.75,18265428,310610560
2015/5/4,7.4,7.45,7.24,7.18,12646047,224700352
2015/4/30,7.29,7.72,7.4,7.2,21217050,385417504
2015/4/29,7.22,7.36,7.26,6.98,16496330,290423488
2015/4/28,7.77,7.86,7.23,7.18,27648872,503363072
2015/4/27,7.72,7.94,7.79,7.6,37761184,719838336
2015/4/24,7.16,7.96,7.77,7.04,50220240,924378688
2015/4/23,7.36,7.48,7.27,7.22,27067964,483087488
2015/4/22,7.16,7.36,7.35,7.06,41405104,731501248
2015/4/21,6.49,6.73,6.71,6.48,13838204,224434400
2015/4/20,6.61,6.75,6.48,6.39,19881930,318900064
2015/4/17,6.67,6.74,6.62,6.55,15030186,243640624
2015/4/16,6.54,6.74,6.61,6.34,14501762,233608016
2015/4/15,7.01,7.03,6.62,6.62,19992984,330501376
2015/4/14,7.24,7.24,7,6.99,18983120,327643040
2015/4/13,7.11,7.26,7.19,7.06,30592232,535545248
2015/4/10,6.74,6.93,6.83,6.63,19963856,332315200
2015/4/9,7.11,7.2,6.75,6.61,30352876,505312768
2015/4/8,7.54,7.56,7.21,7.07,28428936,506065536
2015/4/7,7.43,7.57,7.53,7.25,30754268,554143424
2015/4/3,7.46,7.69,7.43,7.37,29711908,544743040
2015/4/2,7.2,7.61,7.51,7.17,40623036,739560896
2015/4/1,7.16,7.36,7.2,7.08,32556084,572776576
2015/3/31,6.86,7.21,7.16,6.69,38748412,666243264
2015/3/30,6.73,7.04,6.87,6.63,19909998,334489920
2015/3/27,6.75,6.96,6.84,6.72,13660709,229323216
2015/3/26,7.2,7.22,6.82,6.81,28353072,484622688
2015/3/25,6.84,7.44,7.28,6.67,42148640,728115648
2015/3/24,7.1,7.1,6.93,6.56,30615768,516618560
2015/3/23,7.06,7.15,7.12,7.01,24323584,421172128
2015/3/20,7.15,7.37,7.11,7,28023604,488725728
2015/3/19,6.82,7.49,7.22,6.75,44355072,774255936
2015/3/18,6.79,6.86,6.82,6.63,29752336,491581664
2015/3/17,6.59,6.95,6.88,6.5,41190400,678846080
2015/3/16,6.57,6.76,6.64,6.5,30400260,493861472
2015/3/13,6.79,6.79,6.58,6.45,24446340,391895968
2015/3/12,7.06,7.16,6.74,6.52,41870992,698762496
2015/3/11,6.41,7.06,7.06,6.34,51482944,854995072
2015/3/10,6.05,6.45,6.44,5.93,35583368,541749120
2015/3/9,6.56,6.75,6.1,6.09,47148520,733160768
2015/3/5,5.73,6.4,6.17,5.56,52490956,759763392
2015/3/4,5.58,5.92,5.85,5.48,65001432,909975232
2015/3/3,4.89,5.38,5.38,4.83,46463172,596400192
2015/3/2,4.85,4.89,4.89,4.79,15287024,180944208
2015/2/27,4.71,4.9,4.84,4.66,16952620,198422400
2015/2/26,4.79,4.81,4.72,4.71,9457973,109812472
2015/2/25,4.8,4.87,4.79,4.75,8165988,95620672
2015/2/17,4.81,4.83,4.76,4.71,7922556,91918544
2015/2/16,4.62,4.81,4.8,4.62,14037531,162410288
2015/2/13,4.61,4.66,4.59,4.57,5756204,64849952
2015/2/12,4.52,4.6,4.57,4.5,5762909,64282124
2015/2/11,4.56,4.6,4.52,4.5,4673450,51818168
2015/2/10,4.48,4.58,4.56,4.46,4223343,46753976
2015/2/9,4.53,4.58,4.49,4.48,6099430,67381736
2015/2/6,4.75,4.81,4.59,4.56,9074710,103460680
2015/2/5,4.65,4.81,4.75,4.63,17171920,199175904
2015/2/4,4.68,4.74,4.63,4.63,5836201,66431444
2015/2/3,4.51,4.82,4.69,4.51,14948844,171927296
2015/2/2,4.5,4.58,4.51,4.42,6704140,73808096
2015/1/30,4.68,4.72,4.55,4.54,8972603,101054176
2015/1/29,4.57,4.78,4.66,4.54,18390634,210757568
2015/1/28,4.55,4.7,4.61,4.51,13800447,155057552
2015/1/27,4.57,4.61,4.54,4.39,11554606,127371056
2015/1/26,4.4,4.58,4.55,4.39,11666008,129001472
2015/1/23,4.54,4.54,4.4,4.38,12414432,135272592
2015/1/22,4.25,4.66,4.54,4.23,21929644,240653408
2015/1/21,4.2,4.33,4.26,4.17,10960314,114275600
2015/1/20,4.06,4.18,4.18,4.06,9166183,92702736
2015/1/19,4.09,4.17,4.05,4.01,7680366,76572968
2015/1/16,4.05,4.15,4.11,4.04,5674481,56675544
2015/1/15,4.08,4.09,4.05,4.02,4255373,42161308
2015/1/14,4.14,4.14,4.05,4.05,4678542,46623156
2015/1/13,4.02,4.14,4.13,4.02,4428049,44275016
2015/1/12,4.09,4.09,4.03,4.03,5146083,50969500
2015/1/9,4.15,4.16,4.12,4.12,4002731,40543916
2015/1/8,4.14,4.16,4.15,4.11,4712615,47618612
2015/1/7,4.17,4.19,4.14,4.12,5468254,55336100
2015/1/6,4.14,4.21,4.2,4.08,7190156,72786648
2015/1/5,4.15,4.19,4.14,4.07,4549779,45890568
2014/12/31,11.02,11.37,11.25,10.99,3871338,39008420
2014/12/30,11.21,11.23,11.04,10.96,4907343,48717024
2014/12/29,11.38,11.38,11.23,11.14,6205344,62421928
2014/12/26,11.63,11.67,11.45,11.39,4994093,51300748
2014/12/25,11.41,11.86,11.62,11.41,5434745,56639560
2014/12/24,11.23,11.37,11.35,11.18,5171647,52393516
2014/12/23,11.02,11.37,11.16,11.02,6620386,66641012
2014/12/22,11.79,11.8,10.99,10.93,14718078,147756768
2014/12/19,12.34,12.42,11.92,11.82,9815755,105770856
2014/12/18,12.41,12.53,12.34,12.29,8693497,96632608
2014/12/17,12.51,12.82,12.57,12.44,10593613,120011048
2014/12/16,13.02,13.07,12.63,12.58,11657037,132782624
2014/12/15,12.13,13,12.91,12.01,20585848,235339840
2014/12/12,12.15,12.21,12.14,11.96,7348190,79614040
2014/12/11,11.91,12.31,12.22,11.82,9474015,103039744
2014/12/10,11.65,12.07,11.99,11.58,9866642,104858096
2014/12/9,12.43,12.43,11.65,11.64,22963132,247069472
2014/12/8,12.94,12.96,12.52,12.32,27258036,306612256
2014/12/5,13.8,13.8,13.16,12.67,60020196,717719616
2014/12/4,11.9,12.96,12.96,11.87,21832176,247888192
2014/12/3,11.7,11.92,11.77,11.55,12219784,128729112
2014/12/2,11.35,11.7,11.55,11.33,6254505,64963028
2014/12/1,11.6,11.6,11.37,11.29,8241057,84187640
2014/11/28,11.91,11.92,11.63,11.6,9979872,104946352
2014/11/27,11.74,11.94,11.89,11.71,9668781,102569056
2014/11/26,11.77,11.82,11.74,11.69,6650609,70040832
2014/11/25,11.66,11.86,11.77,11.62,6652651,70258952
2014/11/24,11.83,11.93,11.64,11.62,8045136,84431640
2014/11/21,11.85,11.92,11.76,11.66,5709631,60201392
2014/11/20,11.97,12.02,11.82,11.79,6256219,66746696
2014/11/19,11.44,12.04,11.95,11.33,10906858,114816384
2014/11/18,11.38,11.41,11.36,11.28,3619588,36869768
2014/11/17,11.35,11.48,11.39,11.27,5408333,55325864
2014/11/14,11.29,11.43,11.41,11.22,5338570,54024928
2014/11/13,11.8,11.84,11.33,11.27,8756557,89619752
2014/11/12,11.66,11.81,11.8,11.62,5013175,52770124
2014/11/11,12.33,12.33,11.7,11.56,12560068,134395408
2014/11/10,12.35,12.44,12.32,12.26,8303166,91796880
2014/11/7,12.43,12.52,12.39,12.38,5984082,66776740
2014/11/6,12.57,12.57,12.43,12.33,4391201,48927176
2014/11/5,12.41,12.64,12.51,12.3,5838604,65288272
2014/11/4,12.54,12.57,12.44,12.3,8092496,90137192
2014/11/3,12.63,12.7,12.53,12.5,8045982,90843568
2014/10/31,12.72,12.76,12.62,12.52,6198849,70017592
2014/10/30,12.78,12.82,12.72,12.64,10691930,122042784
2014/10/29,12.82,13.16,12.93,12.81,13532438,157747760
2014/10/28,12.79,12.88,12.82,12.68,8572054,98366720
2014/10/27,12.43,12.82,12.71,12.31,8204498,92396952
2014/10/24,12.35,12.48,12.38,12.28,4152917,46092576
2014/10/23,12.54,12.7,12.3,12.25,6441434,71404352
2014/10/22,12.82,12.91,12.51,12.51,4872594,55549796
2014/10/21,12.76,12.91,12.79,12.71,4841575,55527244
2014/10/20,12.65,12.86,12.71,12.62,6557160,74807216
2014/10/17,12.87,13.02,12.7,12.41,7546714,86039984
2014/10/16,13.05,13.12,12.92,12.9,8128409,94742992
2014/10/15,13.34,13.4,13.15,12.93,10451110,123026200
2014/10/14,13.65,13.68,13.42,13.38,9829037,118920064
2014/10/13,13.67,13.71,13.65,13.45,9929159,120853880
2014/10/10,13.47,13.77,13.77,13.27,17331974,211297504
2014/10/9,13.68,13.78,13.51,13.38,15399647,186745408
2014/10/8,13.81,13.93,13.66,13.46,16050967,197068688
2014/9/30,13.2,13.77,13.66,13.09,19903136,241251904
2014/9/29,12.83,13.18,13.18,12.81,11897113,138925840
2014/9/26,12.88,12.91,12.79,12.72,8244597,94637576
2014/9/25,13.05,13.11,12.88,12.84,14515146,168739392
2014/9/24,12.96,13.13,13.02,12.82,8490171,98910288
2014/9/23,12.93,13.03,13,12.82,6479982,75192416
2014/9/22,13.16,13.32,12.94,12.92,11302027,132918408
2014/9/19,12.77,13.15,13.15,12.69,10537181,122340280
2014/9/18,12.62,12.87,12.78,12.6,10613928,121012768
2014/9/17,12.96,13.07,12.6,12.34,16487764,186597696
2014/9/16,13.83,14,12.96,12.94,35387364,424064192
2014/9/15,14.05,14.47,13.88,13.68,34344856,431816160
2014/9/12,13.58,14.05,13.94,13.5,12808911,396680992
2014/9/11,13.73,13.75,13.5,13.25,7665331,231695808
2014/9/10,13.1,14.4,13.6,12.96,11810841,362708544
2014/9/9,13.11,13.29,13.12,12.98,7177342,211170944
2014/9/5,13.25,13.35,13.15,12.84,12047221,353146880
2014/9/4,13.24,13.37,12.72,12.71,13551295,395054272
2014/9/3,12.26,12.84,12.84,12.09,7383601,206340608
2014/9/2,12.06,12.26,12.18,12,3203306,87133080
2014/9/1,11.6,12.02,11.95,11.59,2083817,55571796
2014/8/29,11.6,11.79,11.67,11.55,1690818,44103680
2014/8/28,11.56,11.71,11.65,11.38,2198106,57251432
2014/8/27,11.55,11.72,11.56,11.51,2053221,53324904
2014/8/26,12.05,12.09,11.6,11.49,4308201,113618016
2014/8/25,12.35,12.35,12.07,12.06,2148783,58611404
2014/8/22,12.26,12.41,12.31,12.2,3278206,90350400
2014/8/21,12.05,12.34,12.32,11.99,4608568,125723608
2014/8/20,12.06,12.11,12.05,11.97,2957892,79819216
2014/8/19,12.2,12.29,12.13,12.03,2896762,78517064
2014/8/18,12.04,12.22,12.2,11.95,5304161,143377456
2014/8/15,12.16,12.27,12.25,11.97,2411660,65815008
2014/8/14,12.36,12.46,12.16,12.14,2709258,74668704
2014/8/13,12.35,12.39,12.34,12.06,2710391,74524832
2014/8/12,12.03,12.44,12.36,11.95,5451453,150135824
2014/8/11,11.69,11.94,11.92,11.68,3110433,82349256
2014/8/8,11.66,11.76,11.73,11.6,1404331,36815348
2014/8/7,11.74,11.81,11.64,11.54,2866950,74913832
2014/8/6,11.77,11.79,11.74,11.68,2793312,73410488
2014/8/5,11.72,11.81,11.79,11.63,3656950,96051280
2014/8/4,11.64,11.77,11.7,11.6,4434515,116049872
2014/8/1,12.11,12.12,11.69,11.64,3768983,100662368
2014/7/31,11.95,12.15,12.13,11.92,2741570,74163112
2014/7/30,11.85,12.02,12,11.84,2315825,62049128
2014/7/29,11.83,12.03,11.85,11.81,3360737,89812408
2014/7/28,11.89,11.92,11.81,11.77,3265810,86782392
2014/7/25,11.87,12.02,11.86,11.82,1208548,32175408
2014/7/24,11.75,11.99,11.89,11.64,2010968,53354908
2014/7/23,11.96,11.96,11.8,11.6,2581410,68042928
2014/7/22,11.73,11.97,11.96,11.6,2088349,55298740
2014/7/21,11.9,12.02,11.76,11.75,2384059,63493572
2014/7/18,11.66,11.8,11.76,11.54,1978866,51926228
2014/7/17,11.89,11.89,11.67,11.64,2366771,62286120
2014/7/16,12.35,12.48,11.82,11.69,5327007,143629280
2014/7/15,12.5,12.69,12.42,12.23,5328456,148205232
2014/7/14,12.43,12.74,12.54,12.34,6052623,171192960
2014/7/11,13.14,13.14,12.64,12.43,14521808,411635328
2014/7/10,13.15,13.15,13.15,13.03,21753980,641264320
2014/7/9,11.82,12.1,11.95,11.77,2008650,53802808
2014/7/8,11.64,11.86,11.84,11.46,1858829,48569336
2014/7/7,11.82,11.9,11.67,11.6,1505729,39560040
2014/7/4,11.97,12.1,11.9,11.86,993809,26617824
2014/7/3,11.84,12,12,11.64,2232208,59196280
2014/7/2,11.82,11.92,11.82,11.72,2136585,56551076
2014/7/1,12.17,12.18,11.83,11.73,1976390,52811140
2014/6/30,12.18,12.22,12.16,11.96,1768767,47813504
2014/6/27,12.18,12.3,12.18,12.04,1108975,30279006
2014/6/26,12.18,12.39,12.18,12.15,1617387,44299224
2014/6/25,12.47,12.47,12.22,12.08,2355022,64461616
2014/6/24,12.04,12.1,12.06,11.86,1020609,27491570
2014/6/23,11.78,12.12,11.92,11.73,1143710,30610004
2014/6/20,11.46,11.83,11.76,11.43,1066296,27992204
2014/6/19,12,12.26,11.57,11.47,2719611,72536864
2014/6/18,11.77,11.9,11.72,11.68,1054908,27814728
2014/6/17,11.82,12.11,11.77,11.75,3571463,95594712
2014/6/16,11.37,11.95,11.8,11.36,3797170,99868608
2014/6/13,11.07,11.37,11.31,10.98,1388140,34940628
2014/6/12,11.27,11.27,11.16,11.05,1058835,26335630
2014/6/11,11.15,11.31,11.27,11.06,1081715,27164336
2014/6/10,11.05,11.19,11.1,10.9,1630768,40371592
2014/6/9,11.15,11.24,10.98,10.95,781949,19433242
2014/6/6,11.35,11.36,11.24,10.94,903845,22539522
2014/6/5,11.1,11.35,11.35,11,1041314,26241836
2014/6/4,11.11,11.21,11.1,10.93,927625,22972842
2014/6/3,11.31,11.57,11.12,11.1,1438760,36432496
2014/5/30,11.15,11.35,11.3,11.12,1376943,34751140
2014/5/29,11.13,11.48,11.15,11.07,2248990,57047560
2014/5/28,11.15,11.23,11.13,10.81,2144592,53185656
2014/5/27,11.11,11.36,11.23,11.06,2597027,65495052
2014/5/26,10.85,11.28,11.07,10.85,2642647,65648536
2014/5/23,10.84,10.86,10.82,10.53,2449153,58605672
2014/5/22,10.32,10.98,10.79,10.31,2872492,69030456
2014/5/21,9.79,10.22,10.21,9.74,1272062,28802438
2014/5/20,10.21,10.49,9.78,9.74,2205767,49697864
2014/5/19,10.22,10.29,10.22,10.05,497997,11401090
2014/5/16,10.58,10.58,10.22,10.1,1307889,30094600
2014/5/15,10.94,10.97,10.58,10.07,995530,23760968
2014/5/14,10.89,11.03,10.94,10.7,628118,15378154
2014/5/13,10.89,10.96,10.8,10.74,429251,10441940
2014/5/12,10.58,10.94,10.87,10.58,1083019,26195274
2014/5/9,10.66,10.66,10.49,10.36,726832,17158170
2014/5/8,10.89,11.01,10.62,10.61,1281648,30982018
2014/5/7,11.39,11.54,10.9,10.9,1005976,25177764
2014/5/6,11.32,11.6,11.38,11.13,1158782,29917438
2014/5/5,10.8,11.29,11.23,10.8,927072,23145380
2014/4/30,10.66,10.79,10.68,10.58,641498,15429429
2014/4/29,10.63,10.84,10.66,10.46,680747,16312466
2014/4/28,11.45,11.48,10.61,10.45,2083988,50658340
2014/4/25,11.34,11.54,11.44,11.22,1249140,31963474
2014/4/24,12.11,12.11,11.56,11.43,2062128,54091932
2014/4/23,11.87,12.27,12,11.82,1017484,27647302
2014/4/22,12.45,12.64,11.96,11.78,1811866,49449124
2014/4/21,12.8,12.98,12.58,12.58,1130712,32594172
2014/4/18,12.85,13.05,12.95,12.79,542155,15731184
2014/4/17,12.88,13.1,12.92,12.88,638757,18629642
2014/4/16,12.76,12.93,12.83,12.71,562211,16218638
2014/4/15,13.08,13.08,12.77,12.76,1148251,33204886
2014/4/14,13.1,13.45,13.14,13.05,1181407,35080752
2014/4/11,12.8,13.25,13.05,12.8,1761855,51533408
2014/4/10,13.11,13.29,12.85,12.85,2255087,66345548
2014/4/9,12.25,12.99,12.85,12.25,2481179,70662480
2014/4/8,11.87,12.26,12.23,11.65,1847340,49888388
2014/4/4,11.88,11.89,11.87,11.74,1121019,29862438
2014/4/3,11.56,12.09,11.74,11.56,1544098,41099356
2014/4/2,11.59,12,11.82,11.54,1946618,51798596
2014/4/1,11.54,11.56,11.56,11.13,2955563,75361840
2014/3/31,11.34,12.38,11.55,11.3,6033706,156551120
2014/3/28,12.71,12.98,12.55,12.54,1306997,37482244
2014/3/27,13.16,13.16,12.75,12.7,1487056,43102884
2014/3/26,13.33,13.46,13.11,13.05,1527187,45260472
2014/3/25,13.69,13.74,13.28,13.17,1786893,53960156
2014/3/24,13.22,14.13,13.82,13.2,2917831,90955320
2014/3/21,13.34,13.55,13.36,12.8,2739619,80676704
2014/3/20,13.26,14.3,13.34,13.26,4335579,133845344
2014/3/19,12.76,13.32,13.11,12.45,3257743,95274008
2014/3/18,13.02,13.09,12.79,12.74,1118640,32325556
2014/3/17,12.34,13.09,12.94,12.29,1752840,50377032
2014/3/14,12.34,12.43,12.22,12.1,1018861,28167480
2014/3/13,12.22,12.48,12.47,12.1,1025161,28308682
2014/3/12,12.14,12.44,12.14,11.86,1572362,42956588
2014/3/11,12.13,12.36,12.18,11.83,1873625,51092852
2014/3/10,12.98,12.98,12.13,12.13,2941083,82483376
2014/3/7,13.74,13.93,13.16,13.16,2299643,69444496
2014/3/6,13.73,13.89,13.7,13.35,1643657,50321356
2014/3/5,13.92,14.08,13.73,13.34,2744691,84853584
2014/3/4,12.9,13.58,13.58,12.74,3235438,96856832
2014/3/3,12.89,12.98,12.89,12.58,2330410,67390496
2014/2/28,12.74,13.16,12.36,11.91,3487379,96703768
2014/2/27,12.85,13.38,12.71,12.56,2491542,72348992
2014/2/26,13.13,13.54,12.78,12.4,3096549,88952576
2014/2/25,13.42,14.14,13.12,12.91,5521036,169938192
2014/2/24,12.98,13.47,13.42,12.8,1766247,52498580
2014/2/21,12.84,13.64,13,12.8,2418674,72025592
2014/2/20,13.16,13.54,12.94,12.82,3170823,94203808
2014/2/19,12.35,13.58,13.32,12.3,6162748,181332880
2014/2/18,12.39,12.43,12.37,12.1,1928900,53225888
2014/2/17,12.49,12.56,12.36,12.04,2465652,68232272
2014/2/14,11.87,12.22,12.09,11.84,2900007,78285144
2014/2/13,12.44,12.44,11.95,11.86,3048363,82995744
2014/2/12,12.47,12.66,12.54,12.3,2551492,71535600
2014/2/11,12.14,12.62,12.54,11.86,4377668,121012712
2014/2/10,12.17,12.56,12.16,12.05,3781776,104152136
2014/2/7,11.96,12.58,12.2,11.8,3253738,89261920
2014/1/30,11.75,12.06,12,11.74,3411203,91427136
2014/1/29,11.19,12.08,11.86,11,5395076,140061312
2014/1/28,11.61,11.95,11.11,11,5516283,140677664
2014/1/27,10.67,11.22,11.1,10.62,3922103,97234464
2014/1/24,10.62,10.74,10.7,10.53,1959191,46891728
2014/1/23,10.71,10.75,10.71,10.58,1963116,47189148
2014/1/22,10.33,10.74,10.71,10.33,2375278,56405620
2014/1/21,10.22,10.47,10.31,10.04,1836156,42403652
2014/1/20,10.49,10.81,10.37,10.29,2622101,61776276
2014/1/17,10.89,11.23,10.62,10.45,4711265,114175168
2014/1/16,10.1,10.31,10.21,10.04,1034188,23660574
2014/1/15,10.07,10.18,10.13,9.94,825842,18712012
2014/1/14,9.85,10.07,10.07,9.65,1361434,30450644
2014/1/13,10.02,10.16,9.85,9.68,729770,16303143
2014/1/10,10.09,10.16,10.02,9.91,709480,15939408
2014/1/9,10.39,10.44,10.13,10.01,1391032,31775382
2014/1/8,10.25,10.43,10.36,10.25,935231,21791536
2014/1/7,10.12,10.35,10.32,10.07,780134,17993176
2014/1/6,10.45,10.45,10.2,10.05,1297196,29794808
2014/1/3,10.51,10.59,10.51,10.43,1495579,35372296
2014/1/2,10.38,10.53,10.53,10.38,1094038,25730342
2013/12/31,10.93,11.35,11.25,10.82,3747253,87709928
2013/12/30,10.68,11.15,11.04,10.68,2614836,60603068
2013/12/27,10.56,10.67,10.66,10.51,1443499,32243090
2013/12/26,10.59,10.63,10.63,10.43,1697726,37645780
2013/12/25,10.45,10.62,10.59,10.39,1278064,28240674
2013/12/24,10.29,10.56,10.45,10.29,1490780,32783258
2013/12/23,9.93,10.26,10.25,9.92,676747,14472315
2013/12/20,10.07,10.12,10.02,9.93,439476,9260404
2013/12/19,10.14,10.15,10.11,10.03,503166,10681822
2013/12/18,9.91,10.14,10.08,9.83,786148,16602952
2013/12/17,10.15,10.15,9.96,9.84,995408,20850186
2013/12/16,10.45,10.48,10.17,9.89,1177407,25087916
2013/12/13,10.57,10.57,10.47,10.42,605316,13369407
2013/12/12,10.59,10.64,10.62,10.37,1013635,22421556
2013/12/11,10.65,10.77,10.59,10.43,625918,13914482
2013/12/10,10.73,10.83,10.78,10.67,798796,18041658
2013/12/9,10.55,10.82,10.8,10.45,1059458,23827710
2013/12/6,10.31,10.63,10.54,10.22,861085,18888306
2013/12/5,10.68,10.73,10.36,10.35,834276,18360810
2013/12/4,10.57,10.64,10.58,10.37,2200602,48828580
2013/12/3,9.98,10.59,10.58,9.79,1809878,38666604
2013/12/2,10.64,10.67,10.16,9.87,3082184,66199068
2013/11/29,11,11.16,10.97,10.84,1807826,41804436
2013/11/28,11.04,11.24,11,10.92,1728908,40367040
2013/11/27,10.97,11.15,11.04,10.71,1556922,35964880
2013/11/26,11.01,11.16,10.93,10.83,1164414,26961080
2013/11/25,10.83,11.12,11.01,10.7,2799374,64791224
2013/11/22,10.51,10.77,10.77,10.41,1602063,35889420
2013/11/21,10.64,10.78,10.52,10.36,2204102,48940712
2013/11/20,10.31,10.81,10.6,10.18,2807391,62338844
2013/11/19,10.12,10.35,10.24,10.01,2205551,47362676
2013/11/18,9.59,10.21,10.11,9.5,3724681,77917584
2013/11/15,9.28,9.74,9.6,9.28,2908832,58305592
2013/11/14,9.04,9.41,9.28,9.04,1451226,28266294
2013/11/13,9.26,9.32,9.18,9.06,938727,18137802
2013/11/12,9.12,9.23,9.21,8.98,987920,19058860
2013/11/11,9.06,9.25,9.14,8.98,650448,12513800
2013/11/8,8.93,9.16,9.14,8.8,962873,18182014
2013/11/7,9.08,9.21,9.06,8.94,782983,14964746
2013/11/6,9.03,9.25,9.24,8.87,1649252,31640598
2013/11/5,9.26,9.26,9.06,8.77,3269790,61494520
2013/11/4,9.63,9.69,9.34,9.16,2131210,41870860
2013/11/1,9.61,9.73,9.66,9.59,912302,18518732
2013/10/31,9.75,9.76,9.69,9.56,651974,13234622
2013/10/30,9.55,9.82,9.8,9.51,883796,17981178
2013/10/29,9.7,9.76,9.69,9.19,1303559,25863278
2013/10/28,9.56,9.78,9.69,9.51,797658,16161718
2013/10/25,9.82,9.86,9.64,9.4,1459910,29498326
2013/10/24,9.64,9.81,9.63,9.54,1312363,26731468
2013/10/23,10.16,10.21,9.63,9.36,1918508,39442468
2013/10/22,10.68,10.68,10.16,10.12,2196104,47607412
2013/10/21,10.27,10.86,10.72,10.16,1903404,42476472
2013/10/18,10.28,10.43,10.19,10.1,1266199,27313502
2013/10/17,10.55,10.67,10.29,10.26,1498032,32815530
2013/10/16,11,11.01,10.53,10.41,1838493,40901748
2013/10/15,11.07,11.18,10.96,10.86,1113818,25710358
2013/10/14,11.02,11.3,11.07,11,2021270,47566496
2013/10/11,11.1,11.19,11.02,10.83,1531003,35435964
2013/10/10,11.55,11.55,11.14,10.83,3065191,71927464
2013/10/9,11.42,11.71,11.62,11.4,1414982,34428040
2013/10/8,11.2,11.71,11.64,11,2249438,53564952
2013/9/30,11.23,11.35,11.16,11.07,1337582,31533556
2013/9/27,10.72,11.59,11.32,10.6,5390627,128556968
2013/9/26,10.67,10.82,10.54,10.51,1261217,28252812
2013/9/25,10.89,10.99,10.69,10.67,1195955,27141898
2013/9/24,11.12,11.16,10.89,10.83,1358068,31266320
2013/9/23,10.97,11.16,11.12,10.87,1121230,26032112
2013/9/18,10.59,10.95,10.94,10.58,901406,20510722
2013/9/17,10.97,11.11,10.67,10.64,1386880,31582082
2013/9/16,11.16,11.16,10.96,10.96,920446,21449490
2013/9/13,10.83,11.17,11.13,10.79,1377840,31865516
2013/9/12,10.93,11.14,10.79,10.77,1696852,39039100
2013/9/11,11.43,11.43,10.92,10.81,2836001,65312908
2013/9/10,11.82,11.92,11.45,11.26,2449002,59206236
2013/9/9,11.96,11.97,11.81,11.72,1729596,43028060
2013/9/6,11.4,12.06,11.9,11.39,3156319,78332312
2013/9/5,11.74,11.78,11.31,11.31,2047303,49538936
2013/9/4,11.63,11.76,11.69,11.46,1581148,38627952
2013/9/3,11.2,11.83,11.67,11.2,3167322,77099544
2013/9/2,11.02,11.33,11.31,10.74,1571752,36770976
2013/8/30,11.05,11.31,10.94,10.88,2380841,55634480
2013/8/29,10.83,11.21,11.06,10.64,1591900,36674220
2013/8/28,11.09,11.49,10.83,10.83,3107540,72640136
2013/8/27,10.86,11.28,11.22,10.84,2899735,67689216
2013/8/26,10.45,10.98,10.9,10.45,2800126,64066748
2013/8/23,10.59,10.76,10.53,10.33,1831879,40790208
2013/8/22,10.21,10.77,10.58,10.15,3395052,75607272
2013/8/21,10.2,10.35,10.33,10.03,1459467,31301286
2013/8/20,10.26,10.31,10.2,10.14,1188160,25543732
2013/8/19,9.91,10.26,10.26,9.7,3065574,64472760
2013/8/16,10.21,10.49,9.96,9.91,2592108,55581024
2013/8/15,10.67,10.67,10.36,10.12,4589890,99650368
2013/8/14,10.55,10.92,10.74,10.4,2353151,52997284
2013/8/13,10.45,10.55,10.52,10.31,1103738,24200792
2013/8/12,10.4,10.55,10.41,10.26,1272554,27878656
2013/8/9,10.69,10.76,10.47,10.28,1970047,43415776
2013/8/8,10.12,10.59,10.59,10.03,2650120,57698668
2013/8/7,10.5,10.65,10.15,10.14,2213626,48203136
2013/8/6,10.4,10.53,10.45,10.29,1375203,30055408
2013/8/5,10.3,10.44,10.35,10.14,1558949,33890052
2013/8/2,10.24,10.54,10.31,10.22,2114542,46187896
2013/8/1,9.83,10.34,10.18,9.83,2183597,46649560
2013/7/31,9.88,10.12,9.85,9.81,2072596,43348464
2013/7/30,10.5,10.69,9.92,9.69,5068046,106992552
2013/7/29,10.96,11.28,10.69,10.69,6043546,140225680
2013/7/26,10.5,10.88,10.84,10.26,4491447,99921496
2013/7/25,10.26,10.55,10.26,10.08,2518400,54866752
2013/7/24,10.21,10.42,10.21,10.02,2252044,48167828
2013/7/23,9.96,10.33,10.28,9.93,2134075,45733720
2013/7/22,9.72,10.02,9.96,9.51,2090791,43197400
2013/7/19,10.15,10.21,9.83,9.83,2158058,45491560
2013/7/18,10.1,10.23,10.11,9.84,1918847,40686296
2013/7/17,10.59,10.78,10.11,10.08,3746299,81467280
2013/7/16,10.53,10.81,10.69,10.39,2610439,58323760
2013/7/15,10.17,10.63,10.59,10.07,3353634,73475952
2013/7/12,10.29,10.39,10.17,10.09,2781510,59873688
2013/7/11,9.54,10.35,10.33,9.52,4190375,88556080
2013/7/10,9.98,10.06,9.65,9.49,2662966,53962616
2013/7/9,9.92,10.14,9.96,9.84,1220909,25621240
2013/7/8,9.83,10.21,10.01,9.74,2039211,43171184
2013/7/5,9.76,10.42,9.86,9.76,2515260,53234448
2013/7/4,9.63,9.82,9.59,9.38,1497474,30335730
2013/7/3,9.26,9.78,9.7,9.03,2508760,49512368
2013/7/2,9.36,9.46,9.4,9.18,2003743,39332840
2013/7/1,9.12,9.35,9.35,9.05,2306470,44527940
2013/6/28,9.66,9.77,9.26,9.12,2193511,43465944
2013/6/27,10.07,10.12,9.72,9.69,1830575,38203976
2013/6/26,9.62,10.11,10.07,9.51,2544274,52815560
2013/6/25,9.14,9.74,9.63,8.43,2335599,45047156
2013/6/24,9.43,9.6,9.22,8.93,1769312,34532316
2013/6/21,9.45,9.66,9.52,9.33,1534787,30755736
2013/6/20,9.67,9.74,9.42,9.31,1279685,25814004
2013/6/19,9.72,9.8,9.65,9.52,1529076,31097866
2013/6/18,10.1,10.25,9.72,9.64,1589775,32934694
2013/6/17,9.92,10.26,10.11,9.87,2568687,54586404
2013/6/14,9.74,10.14,9.96,9.74,1884874,39634000
2013/6/13,9.41,9.78,9.72,9.28,1749423,35261856
2013/6/7,9.5,9.66,9.56,9.41,1088193,21877946
2013/6/6,9.59,9.77,9.49,9.44,1912819,38673308
2013/6/5,9.5,9.72,9.66,9.49,2215963,44729388
2013/6/4,9.82,9.85,9.45,9.08,3534164,70702936
2013/6/3,10.08,10.37,9.82,9.65,2240781,47048260
2013/5/31,10.31,10.43,10.2,10.11,1238334,26766252
2013/5/30,10.15,10.59,10.31,10.14,2790576,60676092
2013/5/29,10.21,10.43,10.14,10.07,2593134,55693924
2013/5/28,10.36,10.7,10.31,10.04,3465475,76239160
2013/5/27,9.71,10.56,10.31,9.71,3388517,73052096
2013/5/24,9.86,10.14,9.69,9.69,3286442,68761288
2013/5/23,9.38,9.94,9.76,9.35,2331716,47784344
2013/5/22,9.67,9.9,9.38,9.36,3476214,70344096
2013/5/21,9.65,9.84,9.79,9.46,1939024,39403184
2013/5/20,9.14,9.9,9.67,9.02,3656123,74154984
2013/5/17,9.04,9.28,9.15,8.96,1867033,35958352
2013/5/16,9.02,9.52,9.1,8.93,3745022,73458096
2013/5/15,8.96,9.12,9.08,8.77,1854090,35094820
2013/5/14,9.24,9.24,8.91,8.87,2342042,44412748
2013/5/13,9.1,9.34,9.33,8.96,2781904,54018276
2013/5/10,8.87,9.21,9.19,8.79,3424940,65639592
2013/5/9,8.63,8.97,8.95,8.58,3258295,60920204
2013/5/8,8.72,9,8.77,8.61,3855080,71464424
2013/5/7,8.57,8.84,8.6,8.53,3324735,60709096
2013/5/6,8.1,8.8,8.56,8.1,5074016,91604184
2013/5/3,8.07,8.11,8,7.96,1418607,24002994
2013/5/2,7.91,8.09,7.99,7.78,1481844,24971416
2013/4/26,7.75,8.04,7.86,7.75,1713474,28610274
2013/4/25,7.65,7.88,7.75,7.65,2060295,33878916
2013/4/24,7.49,7.81,7.71,7.49,1191606,19199290
2013/4/23,7.67,7.72,7.58,7.47,1237278,19723220
2013/4/22,7.77,7.77,7.66,7.59,1117181,18001820
2013/4/19,7.78,7.82,7.79,7.73,907766,14884393
2013/4/18,7.75,7.84,7.78,7.65,447417,7304771
2013/4/17,7.84,7.84,7.77,7.66,430988,7007048
2013/4/16,7.55,7.84,7.8,7.55,599793,9776159
2013/4/15,7.77,7.8,7.75,7.55,893069,14404219
2013/4/12,7.76,7.96,7.91,7.75,475118,7903509
2013/4/11,7.62,7.98,7.93,7.62,533990,8895517
2013/4/10,7.88,7.92,7.8,7.73,495144,8160989
2013/4/9,7.86,8.05,7.94,7.83,1135062,18950612
2013/4/8,7.62,7.86,7.86,7.47,558325,9007479
2013/4/3,7.65,7.82,7.66,7.65,599297,9789494
2013/4/2,7.8,7.82,7.66,7.52,1180373,19054636
2013/4/1,7.68,7.9,7.78,7.67,1028997,16925716
2013/3/29,8.06,8.06,7.87,7.66,3535476,57898088
2013/3/28,8.51,8.51,8.21,8.19,916903,16066516
2013/3/27,8.24,8.51,8.51,8.16,2334090,41306144
2013/3/26,8.24,8.24,8.24,7.94,1426739,24324752
2013/3/25,8.23,8.37,8.25,8.14,1406068,24414312
2013/3/22,8.37,8.37,8.31,8.22,1017988,17743432
2013/3/21,8.01,8.4,8.39,8.01,3677999,63844804
2013/3/20,7.59,8.14,8.01,7.59,2139603,35669224
2013/3/19,7.55,7.63,7.58,7.54,603473,9656263
2013/3/18,7.69,7.72,7.55,7.54,381131,6121710
2013/3/15,7.68,7.81,7.69,7.62,740462,12060715
2013/3/14,7.67,7.95,7.66,7.59,1246522,20370366
2013/3/13,7.49,7.75,7.68,7.45,1849849,29623708
2013/3/12,7.74,7.74,7.5,7.44,1786155,28546822
2013/3/11,7.87,8.01,7.77,7.74,1121413,18601592
2013/3/8,8.01,8.06,7.89,7.87,829461,13867186
2013/3/7,8.18,8.18,8,7.96,861406,14589042
2013/3/6,7.93,8.2,8.18,7.89,1298919,22268216
2013/3/5,7.82,7.97,7.93,7.76,1322043,22046348
2013/3/4,8.06,8.06,7.85,7.76,1948635,32240366
2013/3/1,8.06,8.15,8.13,8,1193877,20293282
2013/2/28,7.92,8.17,8.07,7.9,1801520,30483776
2013/2/27,8.01,8.18,7.95,7.87,1935510,32590652
2013/2/26,8.19,8.39,8.06,8.06,3146248,54814988
2013/2/25,8.01,8.31,8.23,7.88,2719652,46906444
2013/2/22,8,8.06,8.01,7.87,2534250,42746744
2013/2/21,7.87,8.13,8.05,7.72,2788087,46449580
2013/2/20,7.78,8.01,7.94,7.68,3143931,51955616
2013/2/19,7.46,8.17,7.89,7.45,7171683,116880152
2013/2/18,7.37,7.48,7.46,7.29,2265715,35266440
2013/2/8,7.44,7.44,7.37,7.29,2127130,32885076
2013/2/7,7.47,7.47,7.37,7.32,1070123,16647739
2013/2/6,7.48,7.5,7.47,7.42,838994,13201904
2013/2/5,7.49,7.57,7.48,7.41,776112,12249943
2013/2/4,7.36,7.63,7.53,7.31,1618812,25665732
2013/2/1,7.45,7.48,7.37,7.31,1149810,17830742
2013/1/31,7.44,7.61,7.49,7.39,1292751,20487172
2013/1/30,7.4,7.52,7.46,7.4,1007396,15862963
2013/1/29,7.34,7.54,7.45,7.3,997933,15621304
2013/1/28,7.28,7.35,7.34,7.21,1129399,17329638
2013/1/25,7.26,7.38,7.29,7.26,573068,8855795
2013/1/24,7.51,7.54,7.27,7.23,1048204,16349243
2013/1/23,7.53,7.53,7.51,7.37,949300,14922522
2013/1/22,7.43,7.53,7.52,7.24,1403269,21753216
2013/1/21,7.39,7.54,7.43,7.37,797068,12526654
2013/1/18,7.36,7.48,7.43,7.35,884858,13849380
2013/1/17,7.58,7.65,7.39,7.38,1384715,21882198
2013/1/16,7.35,7.58,7.58,7.3,3882820,61042144
2013/1/15,7.21,7.35,7.34,7.18,1985089,30565290
2013/1/14,7.02,7.21,7.21,6.99,1330183,19991250
2013/1/11,7.2,7.23,7.02,7,1102716,16562891
2013/1/10,7.23,7.24,7.18,7.11,1181050,17848282
2013/1/9,7.16,7.26,7.22,7.1,1310992,19927960
2013/1/8,7.07,7.19,7.17,7.05,1302569,19574190
2013/1/7,7.1,7.14,7.08,7.02,1129288,16872990
2013/1/4,7.49,7.52,7.1,7.09,2691140,40882112
2012/12/31,10.97,11.34,11.25,10.86,2771343,43345208
2012/12/28,10.72,10.95,10.93,10.69,1898180,28882168
2012/12/27,10.81,11.04,10.72,10.72,1093110,16656974
2012/12/26,10.79,10.99,10.91,10.65,1622715,24717270
2012/12/25,10.69,10.81,10.73,10.62,1154296,17431798
2012/12/24,10.68,10.72,10.69,10.62,1531080,22964782
2012/12/21,10.66,10.68,10.67,10.49,876388,13049791
2012/12/20,10.4,10.67,10.61,10.26,1458823,21553160
2012/12/19,10.22,10.45,10.4,10.1,1694185,24479290
2012/12/18,10.26,10.4,10.22,10.2,659118,9519095
2012/12/17,10.34,10.4,10.3,10.23,469360,6783924
2012/12/14,10,10.39,10.38,10,1029234,14847315
2012/12/13,10.08,10.11,10.04,10.03,211336,2986153
2012/12/12,10.1,10.25,10.18,9.99,710747,10038639
2012/12/11,10.32,10.33,10.11,10.11,738660,10620847
2012/12/10,10.45,10.45,10.33,10.25,1110390,16071680
2012/12/7,10.34,10.45,10.38,10.27,387001,5647681
2012/12/6,10.32,10.36,10.33,10.28,390375,5658741
2012/12/5,9.98,10.42,10.32,9.83,561103,8067340
2012/12/4,10.03,10.11,10.11,9.61,1374575,18896424
2012/12/3,10.27,10.4,10.08,10.05,397400,5699041
2012/11/30,10.26,10.4,10.36,10.25,174576,2532339
2012/11/29,10.34,10.34,10.32,10.12,700306,10061016
2012/11/28,10.4,10.51,10.34,9.98,555087,7965536
2012/11/27,10.93,11.1,10.62,10.29,2386148,35794764
2012/11/26,10.7,10.89,10.89,10.69,1441810,21928568
2012/11/23,10.57,10.73,10.68,10.57,466943,6987831
2012/11/22,10.58,10.83,10.66,10.55,666079,9917202
2012/11/21,10.71,10.96,10.74,10.55,497809,7475872
2012/11/20,10.69,10.81,10.75,10.55,680461,10233965
2012/11/19,10.68,10.75,10.73,10.43,1206494,17942366
2012/11/16,10.38,10.75,10.74,10.35,1122314,16564443
2012/11/15,10.47,10.47,10.46,10.22,407941,5937981
2012/11/14,10.15,10.47,10.47,9.98,1475654,21178638
2012/11/13,9.98,10.15,10.15,9.93,1103470,15528797
2012/11/12,10.34,10.34,9.95,9.95,1013700,14368038
2012/11/9,10.47,10.47,10.35,10.25,562344,8148093
2012/11/8,10.37,10.47,10.47,10.05,280931,4096994
2012/11/7,10.48,10.52,10.37,10.31,209798,3055618
2012/11/6,10.5,10.53,10.48,10.33,257060,3764037
2012/11/5,10.55,10.61,10.55,10.52,320451,4759094
2012/11/2,10.63,10.63,10.55,10.4,125600,1857987
2012/11/1,10.53,10.57,10.53,10.41,467161,6894425
2012/10/31,10.37,10.47,10.47,10.24,601697,8775524
2012/10/30,10.26,10.45,10.36,10.2,914271,13264431
2012/10/29,10.2,10.36,10.36,10.1,639244,9173345
2012/10/26,10.45,10.45,10.33,9.94,2112262,29980714
2012/10/25,10.59,10.59,10.45,10.1,955646,13969834
2012/10/24,10.54,10.69,10.69,10.4,291402,4333016
2012/10/23,10.82,10.89,10.67,10.66,515409,7774717
2012/10/22,10.81,10.87,10.87,10.68,511430,7758042
2012/10/19,10.68,10.83,10.83,10.64,1324315,19964846
2012/10/18,10.45,10.74,10.68,10.42,786255,11767464
2012/10/17,10.7,10.7,10.45,10.43,549559,8118807
2012/10/16,10.64,10.74,10.63,10.34,910160,13558677
2012/10/15,10.69,10.74,10.68,10.51,1213855,18110238
2012/10/12,10.29,10.77,10.69,10.29,2088592,30970058
2012/10/11,10.42,10.59,10.36,10.32,1492566,21888766
2012/10/10,10.17,10.59,10.52,10.11,4081459,59423164
2012/10/9,9.99,10.21,10.18,9.99,3901426,55367256
2012/10/8,10.11,10.18,10,9.96,1268335,17833544
2012/9/18,10.94,10.94,10.45,9.91,3973397,56923892
2012/9/17,11.18,11.25,10.94,10.94,457979,7095461
2012/9/14,11.37,11.39,11.22,11.04,501003,7881797
2012/9/13,11.38,11.59,11.25,11.02,1404153,22259958
2012/9/12,11.49,11.6,11.38,11.31,583541,9358662
2012/9/11,11.3,11.58,11.48,11.14,1463467,23613268
2012/9/10,10.96,11.3,11.3,10.9,1895354,29531994
2012/9/7,10.67,11.07,10.97,10.67,1492796,22872300
2012/9/6,10.7,10.82,10.64,10.54,803040,11993445
2012/9/5,10.65,10.8,10.68,10.54,653634,9783748
2012/9/4,10.79,10.82,10.65,10.62,641397,9631741
2012/9/3,10.84,10.95,10.86,10.69,1604276,24378418
2012/8/31,10.63,10.96,10.84,10.56,322575,4884786
2012/8/30,10.75,10.77,10.63,10.54,306670,4587433
2012/8/29,10.68,10.86,10.74,10.5,488158,7328251
2012/8/28,10.68,10.75,10.74,10.47,1353323,20111534
2012/8/27,10.86,10.86,10.75,10.45,2116295,31618626
2012/8/24,11.03,11.03,10.97,10.69,2446972,37297556
2012/8/23,11.7,11.85,11.14,10.75,5051017,78542192
2012/8/22,11.93,11.93,11.76,11.63,898573,14818750
2012/8/21,11.68,12,11.91,11.58,917628,15278786
2012/8/20,11.77,11.78,11.68,11.51,703591,11515774
2012/8/17,11.81,11.81,11.68,11.58,512260,8378060
2012/8/16,11.6,11.85,11.73,11.6,451557,7469441
2012/8/15,11.57,11.76,11.68,11.57,277336,4550793
2012/8/14,11.66,11.78,11.76,11.53,697796,11407342
2012/8/13,11.95,12.18,11.7,11.66,1016492,16898670
2012/8/10,12.1,12.37,12.1,11.91,990479,16827078
2012/8/9,11.44,12.13,12.1,11.44,2361685,39745452
2012/8/8,11.57,11.63,11.56,11.46,568711,9189042
2012/8/7,11.66,11.66,11.61,11.5,528926,8585735
2012/8/6,11.56,11.61,11.61,11.37,1374214,22133392
2012/8/3,11.31,11.64,11.57,11.2,1996809,32233598
2012/8/2,11.29,11.45,11.31,11.21,616345,9781454
2012/8/1,11.13,11.5,11.39,11.13,1087384,17359206
2012/7/31,11.25,11.3,11.13,11,361833,5667227
2012/7/30,11.36,11.39,11.18,11.04,1038701,16273503
2012/7/27,11.45,11.58,11.36,11.16,1161120,18363826
2012/7/26,11.31,11.51,11.39,11.11,602697,9626912
2012/7/25,10.88,11.5,11.38,10.87,1800216,28451226
2012/7/24,10.8,10.98,10.88,10.73,443135,6743409
2012/7/23,10.79,10.91,10.8,10.61,340968,5128738
2012/7/20,10.94,10.96,10.79,10.79,405140,6186849
2012/7/19,10.82,11.01,10.94,10.75,953137,14606702
2012/7/18,10.74,10.9,10.87,10.68,586184,8893676
2012/7/17,10.59,10.84,10.75,10.48,584938,8781883
2012/7/16,10.72,10.85,10.62,10.55,847584,12643386
2012/7/13,11.24,11.24,10.93,10.67,5648520,86426512
2012/7/12,11.34,11.77,11.64,11.18,1274143,20696174
2012/7/11,11.39,11.6,11.34,11.18,2469591,39701444
2012/7/10,12.34,12.34,11.42,11.42,4017783,65469124
2012/7/9,12.75,12.87,12.34,12.1,4003223,69371216
2012/7/6,12.82,12.96,12.94,12.64,1560843,28135768
2012/7/5,12.9,12.96,12.73,12.67,947782,17029766
2012/7/4,12.96,13.17,13.03,12.59,2392515,43244688
2012/7/3,13.04,13.21,13.01,12.87,3360974,61529092
2012/7/2,12.52,13.03,13.03,12.52,3313188,60113368
2012/6/29,12.14,12.62,12.52,12.1,991289,17289454
2012/6/28,12.73,12.73,12.21,12.21,1353254,23607734
2012/6/27,12.1,12.78,12.64,12.02,1789668,31424252
2012/6/26,12.32,12.32,12.1,11.73,1085744,18396504
2012/6/25,12.46,12.46,12.33,12.18,1118538,19321980
2012/6/21,12.62,12.92,12.52,12.39,1616801,28670222
2012/6/20,12.62,12.88,12.82,12.39,2114171,37497148
2012/6/19,12.67,12.89,12.75,12.5,2664565,47621476
2012/6/18,12.87,12.87,12.7,12.39,3004638,53097356
2012/6/15,11.97,12.89,12.67,11.96,5240381,91513648
2012/6/14,12.03,12.19,11.82,11.77,2622950,44479404
2012/6/13,11.27,12.05,11.98,11.27,3123562,51812400
2012/6/12,11.25,11.41,11.34,11.04,1003238,15764379
2012/6/11,10.9,11.37,11.23,10.9,1352692,21105578
2012/6/8,11.54,11.54,11,10.93,2517505,39412164
2012/6/7,11.88,11.93,11.46,11.38,1113267,18127040
2012/6/6,11.6,11.89,11.73,11.45,1446160,23823344
2012/6/5,11.68,11.81,11.61,11.32,1321012,21448334
2012/6/4,11.79,11.79,11.68,11.48,2318438,37834380
2012/6/1,11.91,12.1,11.93,11.89,2365212,39709264
2012/5/31,11.21,12.26,12.15,11.12,6377385,106125688
2012/5/30,10.97,11.46,11.21,10.93,2947720,46919392
2012/5/29,10.52,11.04,10.97,10.52,1733098,26209922
2012/5/28,9.97,10.64,10.55,9.97,1335844,19413908
2012/5/25,10.75,10.77,10.33,9.97,1301989,18927422
2012/5/24,10.87,10.87,10.74,10.64,963320,14537951
2012/5/23,11.08,11.08,10.87,10.84,976576,14930278
2012/5/22,10.97,11.18,11.04,10.86,1398323,21676144
2012/5/21,10.91,11.1,10.92,10.84,1416909,21780422
2012/5/18,11.18,11.34,10.9,10.89,1775358,27756390
2012/5/17,11.06,11.29,11.25,10.88,2194529,34176500
2012/5/16,10.88,11.79,11.11,10.86,5127160,81382376
2012/5/15,10.61,10.79,10.77,10.61,1510319,22692264
2012/5/14,10.75,10.97,10.81,10.57,2730318,41583584
2012/5/11,10.27,10.78,10.74,10.16,3055229,45333748
2012/5/10,10.42,10.52,10.29,10.12,1421417,20539574
2012/5/9,10.71,10.71,10.42,10.42,1357064,20105644
2012/5/8,10.7,10.86,10.79,10.54,2061325,30977972
2012/5/4,10.66,10.96,10.7,10.54,2329501,35329512
2012/5/3,10.29,10.79,10.67,10.29,2565355,37990592
2012/5/2,10.4,10.46,10.29,10.19,1551457,22401058
2012/4/27,9.93,10.67,10.25,9.83,2633759,37795768
2012/4/26,9.77,9.98,9.86,9.76,1524137,21256774
2012/4/25,9.93,9.93,9.77,9.71,3551714,49041168
2012/4/24,10.57,10.63,9.99,9.57,3960852,55286704
2012/4/23,10.91,10.96,10.63,10.57,2765943,41901916
2012/4/20,10.82,10.98,10.89,10.78,2272626,34964404
2012/4/19,11.09,11.25,10.83,10.77,6646371,102141768
2012/4/18,11.2,11.35,11.33,10.78,2853843,44881024
2012/4/16,11.3,11.38,11.3,11.17,2992417,47546396
2012/4/13,11.03,11.52,11.45,10.99,4257805,68049840
2012/4/12,10.74,11,10.99,10.67,2237341,34204356
2012/4/11,10.71,10.88,10.74,10.61,1770503,26767898
2012/4/10,10.69,10.84,10.84,10.47,2395704,35926304
2012/4/9,11.2,11.22,10.78,10.75,2021186,31119528
2012/4/6,11.23,11.32,11.2,11.01,2016510,31757716
2012/4/5,11.2,11.32,11.27,11.08,2274342,36026496
2012/3/30,11.01,11.13,11.13,10.96,1964957,30627744
2012/3/29,11.06,11.13,10.92,10.57,3731107,56896816
2012/3/28,11.37,11.37,11.13,11.04,4868633,76542632
2012/3/27,12.02,12.02,11.45,11.34,6343490,104599544
2012/3/26,12.76,12.83,12.41,12.34,1658190,29221504
2012/3/23,12.9,13.02,12.83,12.66,1581301,28584232
2012/3/22,12.88,13.1,12.91,12.69,1845204,33557040
2012/3/21,13.01,13.16,12.88,12.52,3317051,59945188
2012/3/20,13.28,13.75,13.15,13.12,6231448,118477072
2012/3/19,12.97,13.12,13.1,12.78,2897354,52814096
2012/3/16,12.61,13.06,13.02,12.43,3286159,59002536
2012/3/15,12.98,13.1,12.59,12.42,3014842,53925240
2012/3/14,13.77,14.01,12.99,12.86,6284352,119976848
2012/3/13,13.76,13.78,13.7,13.58,5046914,97364080
2012/3/12,13.38,13.89,13.87,13.27,8740121,167639472
2012/3/9,13.15,13.31,13.31,12.87,4371241,80486224
2012/3/8,12.96,13.12,13.04,12.94,2616872,48137456
2012/3/7,12.95,13.13,12.9,12.85,1597233,29312646
2012/3/6,13.37,13.37,13.05,12.83,2461476,45188040
2012/3/5,13.81,13.81,13.37,13.34,3618214,68753872
2012/3/2,13.08,13.61,13.6,13.08,4091601,77407800
2012/3/1,12.98,13.12,13.04,12.55,3661411,66202572
2012/2/29,13.54,13.61,13.05,12.96,2186946,40771932
2012/2/28,13.97,14.08,13.56,13.44,1519798,29227926
2012/2/27,14.13,14.24,13.99,13.88,1825214,36055532
2012/2/24,14.08,14.32,14.13,13.98,1682419,33508654
2012/2/23,13.56,14.18,14.18,13.4,4016846,79000944
2012/2/22,13.25,13.76,13.61,13.14,3697861,70210960
2012/2/21,13.19,13.31,13.27,12.99,2086786,38673288
2012/2/20,13.05,13.24,13.13,12.91,2411773,44529708
2012/2/17,13.05,13.11,12.88,12.77,1267766,23058256
2012/2/16,12.83,13.33,13.1,12.78,2882115,53135300
2012/2/15,12.39,13.01,12.95,12.27,3726808,66998524
2012/2/14,12.72,12.83,12.39,12.3,1692688,29817894
2012/2/13,12.61,12.91,12.73,12.47,1485517,26686952
2012/2/10,12.93,12.99,12.73,12.56,1301885,23376872
2012/2/9,13.19,13.26,12.88,12.75,1671765,30555804
2012/2/7,12.9,13.1,13,12.49,864611,15581726
2012/2/6,12.38,13.3,12.89,12.38,1222252,22216100
2012/2/3,12.1,12.65,12.49,11.98,1057157,18462464
2012/2/2,11.83,12.16,12.1,11.83,579819,9817269
2012/2/1,11.84,12.1,11.88,11.75,384201,6457043
2012/1/31,11.78,12.05,11.95,11.49,573399,9530027
2012/1/30,11.91,12.34,11.82,11.61,872412,14843494
2012/1/20,11.27,11.84,11.73,11.27,888260,14433199
2012/1/19,11.03,11.42,11.27,11.03,970547,15482545
2012/1/18,12.15,12.19,11.25,10.99,1778857,28774302
2012/1/17,11.38,12.16,12.11,11.38,1606428,27001392
2012/1/16,12.41,12.41,11.59,11.54,3708697,61156076
2012/1/13,14.25,14.25,12.82,12.82,2750053,50433148
2012/1/12,14.67,14.74,14.25,14.06,968253,19510474
2012/1/11,14.59,14.82,14.73,14.44,1512383,31252562
2012/1/10,14.14,14.65,14.57,14.14,1388360,28202470
2012/1/9,13.4,14.26,14.25,13.25,1048225,20334852
2012/1/6,13.39,13.68,13.4,13.22,732389,13865297
2012/1/5,14.36,14.52,13.39,13.33,689087,13477518
2012/1/4,14.82,14.87,14.37,14.37,579577,11869026
2011/12/30,10.88,11.31,11.25,10.8,830966,16706511
2011/12/29,10.75,10.91,10.73,10.71,391274,7681662
2011/12/28,10.85,11.07,10.9,10.31,995044,19352154
2011/12/27,11.03,11.06,10.97,10.7,1007721,19940636
2011/12/26,11.26,11.5,11,10.99,362141,7341348
2011/12/23,11.42,11.47,11.39,11.08,215984,4431198
2011/12/22,11.18,11.47,11.47,10.79,775680,15618730
2011/12/21,11.31,11.58,11.28,11.23,986969,20463044
2011/12/20,10.84,11.35,11.29,10.8,1440600,29368802
2011/12/19,10.65,10.84,10.84,10.34,1115701,21438958
2011/12/16,10.88,10.96,10.68,10.41,1831711,35213136
2011/12/15,10.76,11.01,10.81,10.7,588073,11592861
2011/12/14,10.94,11.03,10.86,10.75,1000421,19696382
2011/12/13,11.46,11.46,10.94,10.76,1372084,27443130
2011/12/12,11.85,11.97,11.31,10.85,2085894,42741032
2011/12/9,12.13,12.38,11.97,11.94,930586,20441208
2011/12/8,12.08,12.57,12.33,12.03,668168,14945874
2011/12/7,11.97,12.26,12.2,11.79,510423,11231721
2011/12/6,11.58,11.96,11.96,11.53,516640,11071260
2011/12/5,11.9,12,11.85,11.48,870265,18388730
2011/12/2,12.02,12.27,11.97,11.86,560671,12222881
2011/12/1,12.53,12.62,12.24,12.18,1000841,22464950
2011/11/30,12.71,12.88,12.17,11.64,1083848,24231056
2011/11/29,13.24,13.24,12.89,12.65,734102,17146938
2011/11/28,12.63,12.77,12.67,12.56,438884,10067223
2011/11/25,12.52,12.83,12.61,12.52,662619,15217110
2011/11/24,12.3,12.63,12.6,12.3,292571,6642602
2011/11/23,12.7,12.7,12.5,12.36,344415,7805654
2011/11/22,12.47,12.63,12.55,12.41,521300,11835866
2011/11/21,12.85,12.85,12.64,12.46,626902,14283419
2011/11/18,13.01,13.37,12.79,12.68,1347868,31407758
2011/11/17,13.13,13.43,13.14,13.13,875611,21056318
2011/11/16,13.55,13.55,13.16,13.16,1187099,28600684
2011/11/15,13.14,13.59,13.41,13.14,1973004,48017204
2011/11/14,12.99,13.29,13.23,12.92,1926118,45959156
2011/11/11,12.77,13.1,12.87,12.77,1058597,24758074
2011/11/10,12.74,13.52,12.82,12.58,2341231,55242576
2011/11/9,13.01,13.13,12.81,12.66,3167436,73403408
2011/11/8,13.22,13.24,13.1,12.99,1290803,30623576
2011/11/7,13.01,13.54,13.23,13.01,2846152,68510024
2011/11/4,13.1,13.32,13,12.89,1741278,41404928
2011/11/3,13.1,13.4,12.88,12.83,3213354,76736208
2011/11/2,12.63,13.06,12.98,12.53,2632656,61419068
2011/11/1,12.13,12.96,12.83,12.01,3178017,73009096
2011/10/31,11.72,12.28,12.25,11.51,3052709,66154644
2011/10/28,11.93,11.98,11.8,11.45,2469492,52276392
2011/10/27,11.76,11.91,11.81,11.63,2166228,46172300
2011/10/26,11.51,11.84,11.75,11.32,3876741,81658152
2011/10/25,11.37,11.68,11.64,11.28,6641533,137814064
2011/10/24,12.19,12.26,11.56,11.56,6909671,145071648
2011/10/21,12.77,13.02,12.85,12.44,855003,19829594
2011/10/20,13.36,13.51,13.03,12.8,991363,23426828
2011/10/19,13.67,13.72,13.51,13.38,981858,24144184
2011/10/18,13.34,13.86,13.54,13.27,1622175,40310720
2011/10/14,13.6,13.6,13.41,13.16,1283327,31011312
2011/10/13,13.13,13.77,13.6,13.13,1303043,32107324
2011/10/12,12.41,13.37,13.3,12.18,2241593,52778468
2011/10/11,12.84,12.94,12.55,12.41,888761,20393774
2011/10/10,12.66,12.68,12.57,12.31,369309,8377976
2011/9/30,12.68,12.96,12.46,12.3,842992,19069910
2011/9/29,12.96,13.03,12.78,12.55,1229112,28472730
2011/9/28,13.54,13.62,13.03,12.92,1061888,25521778
2011/9/27,13.87,13.93,13.54,13.17,2027273,49776592
2011/9/26,13.73,14,13.72,13.62,605128,15127858
2011/9/23,13.62,14.03,13.79,13.53,841309,21032558
2011/9/22,14.23,14.48,13.9,13.89,1059072,27351320
2011/9/21,13.7,14.39,14.31,13.47,1986560,50813232
2011/9/20,14,14.14,13.69,13.68,843085,21241938
2011/9/19,14.11,14.11,14,13.79,1040569,26312670
2011/9/16,14.23,14.45,14.15,13.92,1104482,28388314
2011/9/15,13.99,14.39,14.18,13.8,1455013,37463236
2011/9/14,13.7,14.06,13.93,13.65,1319723,33050492
2011/9/13,14.03,14.03,13.73,13.63,1424322,35635060
2011/9/9,14.15,14.45,14.19,14.07,1515917,39193960
2011/9/8,14.49,14.54,14.26,14.08,1620520,41996828
2011/9/7,13.79,14.6,14.42,13.79,3103704,79988768
2011/9/6,13.63,14.09,13.73,13.43,1357932,33756416
2011/9/5,13.59,14.27,13.95,13.3,2504362,62797268
2011/9/1,13.95,14.23,14.01,13.89,2235353,57031760
2011/8/31,14.12,14.33,13.96,13.76,2985036,75878064
2011/8/30,14.2,14.43,14.35,13.78,6011559,154034544
2011/8/29,14.87,14.87,14.21,14.06,6064492,157835216
2011/8/26,15.08,15.16,14.94,14.59,2738513,73619960
2011/8/25,15.44,15.55,15.02,14.68,3286860,89433224
2011/8/24,15.01,15.66,15.47,14.7,4101453,113610016
2011/8/23,14.7,15,14.97,14.31,2378249,63263312
2011/8/22,14.5,15.17,14.7,14.5,2083331,56183444
2011/8/19,14.42,14.75,14.48,14.3,2754361,72476264
2011/8/18,15.39,15.5,14.81,14.47,4115417,110802888
2011/8/17,14.9,15.53,15.41,14.87,3142651,87335120
2011/8/16,16,16.1,15.05,14.96,5079678,141414000
2011/8/15,14.94,15.98,15.88,14.78,3834377,107414168
2011/8/12,14.89,15.28,14.99,14.33,4114104,110673352
2011/8/11,14.11,14.77,14.56,14.09,3019311,79491952
2011/8/10,14.48,15.19,14.23,14.15,4211469,111963872
2011/8/9,13.2,14.83,14.34,12.91,5216584,134440480
2011/8/8,13.42,13.95,13.62,12.33,3010433,73944440
2011/8/5,12.81,14.12,13.65,12.69,2343904,58007124
2011/8/4,13.65,13.9,13.35,13.25,2612170,64045184
2011/8/3,13.51,13.86,13.65,13.3,2638005,65040084
2011/8/2,13.37,13.87,13.7,13.01,3787374,91330832
2011/8/1,13.13,13.59,13.51,12.96,3269667,78815600
2011/7/29,12.62,13.34,13.28,12.49,5509351,130550688
2011/7/28,12.23,12.9,12.62,12.23,4358125,99935792
2011/7/27,11.64,12.67,12.5,11.54,4388540,98343008
2011/7/26,11.83,11.99,11.66,11.46,2123784,44758140
2011/7/25,12.4,12.41,11.77,11.77,2599297,56754044
2011/7/22,11.81,12.55,12.29,11.79,3978933,88482896
2011/7/21,11.75,12.08,11.83,11.64,1713644,36894268
2011/7/20,12.08,12.24,11.85,11.75,2195690,47406880
2011/7/19,12.37,12.37,12.08,11.97,3248326,71385360
2011/7/18,12.34,12.51,12.44,12.17,3989847,89529648
2011/7/15,11.4,12.41,12.35,11.39,7093272,154855520
2011/7/14,11.66,11.67,11.39,11.31,2044736,42410232
2011/7/13,11.23,11.74,11.5,11.2,3251086,67787456
2011/7/12,11.22,11.52,11.26,11.12,2833981,58434664
2011/7/11,11.29,11.58,11.42,11.19,4097893,85091216
2011/7/8,11.42,11.83,11.33,11.1,5047018,104850480
2011/7/7,10.92,11.6,11.53,10.9,10780260,220353120
2011/7/6,10.54,11.02,10.98,10.51,5039967,99485488
2011/7/5,10.37,10.62,10.6,10.27,1948652,36903744
2011/7/4,10.22,10.53,10.44,10.09,1864800,35087976
2011/6/30,9.98,10.33,10.22,9.98,2093477,38694356
2011/6/29,10.38,10.44,10.16,10.15,2499644,46451400
2011/6/28,10.65,10.67,10.46,10.32,2396230,45323584
2011/6/27,10.4,10.67,10.64,10.2,3353426,63713500
2011/6/24,10.41,10.85,10.45,10.35,3894362,74520072
2011/6/23,10.21,10.52,10.4,10.09,2549961,47947544
2011/6/22,10.59,10.59,10.4,10.04,2929722,54568412
2011/6/21,10.11,10.59,10.58,9.99,3929559,74116264
2011/6/20,9.77,10.55,10.14,9.38,4162539,76182016
2011/6/17,9.85,10.59,10,9.85,5093213,93782696
2011/6/16,9.89,10.11,10.01,9.77,6899549,124948216
2011/6/15,8.98,9.96,9.96,8.98,9331043,165773440
2011/6/14,8.87,9.11,9.06,8.78,2598486,42543332
2011/6/13,8.55,8.94,8.9,8.53,2937770,46833884
2011/6/10,8.42,8.61,8.59,8.42,1351018,20889274
2011/6/9,8.8,8.81,8.42,8.42,1859605,28829458
2011/6/8,8.77,8.81,8.76,8.63,1794473,28325656
2011/6/7,8.71,8.91,8.87,8.6,2185430,35007796
2011/6/3,8.59,8.82,8.72,8.55,2081176,32949988
2011/6/2,8.71,8.87,8.61,8.49,3029516,47403556
2011/6/1,8.67,8.97,8.87,8.55,3546485,56876848
2011/5/31,8.49,8.81,8.65,8.41,3942013,61509440
2011/5/30,9.22,9.23,8.71,8.71,7617691,122695696
2011/5/27,9.65,11.03,9.68,9.21,15985382,289875520
